,periodCode,platformCode,channelCode,marketingInvestment,clicks,visits,impressions,conversions,deliveries
0,2020-01-02,AdWords,adwords_bra,167.09,266,306,408,4,4
1,2020-01-02,AdWords,adwords_dsa,31.06,12,11,370,0,0
2,2020-01-02,AdWords,adwords_pla,10868.92,2609,2667,191564,27,27
3,2020-01-02,AdWords,adwords_rem,762.06,386,429,24668,3,3
4,2020-01-02,AdWords,adwords_sea,41.59,26,36,531,0,0
5,2020-01-02,FirmyCz,zbozi,80.54,4,2,600,0,0
6,2020-01-02,HeurekaCz,heureka,262.39,52,69,0,3,3
7,2020-01-02,RtbHouse,rtbhouse,92.4,0,63,0,1,1
8,2020-01-02,Silverpop,emailing,1290.32,0,1824,0,23,23
9,2020-01-02,Sklik,sklik_bra,97.0,150,161,223,4,3
10,2020-01-02,Sklik,sklik_pla,270.9,61,56,3113,0,0
11,2020-01-02,Sklik,sklik_rem,400.79999999999995,130,144,14101,0,0
12,2020-01-02,Sklik,sklik_sea,110.88,52,54,702,2,2
13,2020-01-02,ZboziCz,zbozi,738.01,102,57,2526,1,1
14,2020-01-03,AdWords,adwords_bra,125.52,258,305,508,6,6
15,2020-01-03,AdWords,adwords_dsa,30.05,11,13,269,0,0
16,2020-01-03,AdWords,adwords_pla,10081.41,2525,2610,177758,21,21
17,2020-01-03,AdWords,adwords_rem,416.75,265,299,20264,1,1
18,2020-01-03,AdWords,adwords_sea,44.43,18,25,566,0,0
19,2020-01-03,FirmyCz,zbozi,80.54,3,3,600,0,0
20,2020-01-03,HeurekaCz,heureka,0.0,0,36,0,0,0
21,2020-01-03,RtbHouse,rtbhouse,237.85,1910,1217,73849,3,3
22,2020-01-03,Silverpop,emailing,1290.32,0,1987,0,23,23
23,2020-01-03,Sklik,sklik_bra,86.7,141,163,205,6,6
24,2020-01-03,Sklik,sklik_pla,194.6,45,43,2760,0,0
25,2020-01-03,Sklik,sklik_rem,410.4,133,136,14775,0,0
26,2020-01-03,Sklik,sklik_sea,187.20000000000002,65,70,642,1,1
27,2020-01-03,ZboziCz,zbozi,401.76,53,43,2500,0,0
28,2020-01-04,AdWords,adwords_bra,125.0,221,246,417,4,4
29,2020-01-04,AdWords,adwords_dsa,11.22,4,3,199,0,0
30,2020-01-04,AdWords,adwords_pla,10215.04,2632,2645,176408,13,13
31,2020-01-04,AdWords,adwords_rem,368.99,232,257,18230,1,1
32,2020-01-04,AdWords,adwords_sea,51.35,30,35,603,0,0
33,2020-01-04,FirmyCz,zbozi,80.54,3,0,600,0,0
34,2020-01-04,HeurekaCz,heureka,0.0,0,25,0,0,0
35,2020-01-04,RtbHouse,rtbhouse,2055.39,2329,1463,75035,7,6
36,2020-01-04,Silverpop,emailing,1290.32,0,991,0,21,21
37,2020-01-04,Sklik,sklik_bra,78.8,141,154,185,4,4
38,2020-01-04,Sklik,sklik_pla,283.9,68,67,2130,2,2
39,2020-01-04,Sklik,sklik_rem,368.8,127,125,15327,0,0
40,2020-01-04,Sklik,sklik_sea,153.0,58,62,415,0,0
41,2020-01-04,ZboziCz,zbozi,585.8,56,46,2550,1,1
42,2020-01-05,AdWords,adwords_bra,101.08,234,272,396,9,8
43,2020-01-05,AdWords,adwords_dsa,29.04,12,10,316,0,0
44,2020-01-05,AdWords,adwords_pla,12527.45,2909,2984,206494,21,21
45,2020-01-05,AdWords,adwords_rem,377.44,225,261,16279,1,1
46,2020-01-05,AdWords,adwords_sea,51.84,31,39,606,0,0
47,2020-01-05,FirmyCz,zbozi,80.54,3,2,600,0,0
48,2020-01-05,HeurekaCz,heureka,0.0,0,18,0,0,0
49,2020-01-05,RtbHouse,rtbhouse,1473.47,1853,1179,63749,7,6
50,2020-01-05,Silverpop,emailing,1290.32,0,471,0,22,22
51,2020-01-05,Sklik,sklik_bra,103.3,141,167,190,4,4
52,2020-01-05,Sklik,sklik_pla,190.4,46,53,2208,1,1
53,2020-01-05,Sklik,sklik_rem,423.40000000000003,135,133,16045,1,1
54,2020-01-05,Sklik,sklik_sea,164.28,63,63,493,0,0
55,2020-01-05,ZboziCz,zbozi,611.68,69,52,2792,3,3
56,2020-01-06,AdWords,adwords_bra,183.68,276,317,501,19,18
57,2020-01-06,AdWords,adwords_dsa,19.77,9,9,243,0,0
58,2020-01-06,AdWords,adwords_pla,11932.36,2629,2732,213024,27,27
59,2020-01-06,AdWords,adwords_rem,406.8,192,215,14839,1,1
60,2020-01-06,AdWords,adwords_sea,42.31,25,34,513,1,1
61,2020-01-06,FirmyCz,zbozi,80.54,4,2,704,0,0
62,2020-01-06,HeurekaCz,heureka,0.0,0,21,0,2,2
63,2020-01-06,RtbHouse,rtbhouse,1255.79,1067,780,53141,2,2
64,2020-01-06,Silverpop,emailing,1290.32,0,1766,0,22,22
65,2020-01-06,Sklik,sklik_bra,83.9,141,162,212,4,3
66,2020-01-06,Sklik,sklik_pla,272.9,63,60,3178,1,1
67,2020-01-06,Sklik,sklik_rem,405.0,127,119,16457,1,1
68,2020-01-06,Sklik,sklik_sea,152.60000000000002,56,58,474,2,2
69,2020-01-06,ZboziCz,zbozi,270.91,57,45,2458,3,3
70,2020-01-07,AdWords,adwords_bra,232.31,260,294,471,10,10
71,2020-01-07,AdWords,adwords_dsa,22.23,9,7,261,0,0
72,2020-01-07,AdWords,adwords_pla,10677.21,2401,2522,194255,19,19
73,2020-01-07,AdWords,adwords_rem,328.11,201,226,14578,1,1
74,2020-01-07,AdWords,adwords_sea,54.18,28,41,532,0,0
75,2020-01-07,FacebookBusinessAdsManager,facebook,48.32,51,0,678,0,0
76,2020-01-07,FirmyCz,zbozi,80.54,4,5,705,0,0
77,2020-01-07,HeurekaCz,heureka,0.0,0,22,0,2,2
78,2020-01-07,RtbHouse,rtbhouse,645.22,819,614,39461,2,2
79,2020-01-07,Silverpop,emailing,1290.32,0,1387,0,18,18
80,2020-01-07,Sklik,sklik_bra,99.7,129,147,169,5,5
81,2020-01-07,Sklik,sklik_pla,254.8,56,56,2860,2,2
82,2020-01-07,Sklik,sklik_rem,337.0,105,115,16831,1,1
83,2020-01-07,Sklik,sklik_sea,141.18,51,51,599,1,0
84,2020-01-07,ZboziCz,zbozi,455.52,51,41,2430,0,0
85,2020-01-08,AdWords,adwords_bra,135.33,259,296,469,15,15
86,2020-01-08,AdWords,adwords_dsa,14.47,5,5,218,0,0
87,2020-01-08,AdWords,adwords_pla,9670.99,2311,2397,183557,25,24
88,2020-01-08,AdWords,adwords_rem,282.86,165,186,13564,0,0
89,2020-01-08,AdWords,adwords_sea,54.69,25,32,636,1,1
90,2020-01-08,Adform,adform_prospecting,0.0,0,1,0,0,0
91,2020-01-08,FacebookBusinessAdsManager,facebook,59.52,48,0,1102,0,0
92,2020-01-08,FirmyCz,zbozi,80.54,4,1,704,1,1
93,2020-01-08,HeurekaCz,heureka,0.0,0,17,0,0,0
94,2020-01-08,RtbHouse,rtbhouse,4110.37,764,575,36406,10,10
95,2020-01-08,Silverpop,emailing,1290.32,0,1182,0,29,28
96,2020-01-08,Sklik,sklik_bra,89.2,143,156,190,6,6
97,2020-01-08,Sklik,sklik_pla,231.4,54,57,2662,0,0
98,2020-01-08,Sklik,sklik_rem,424.7,130,128,16616,1,1
99,2020-01-08,Sklik,sklik_sea,175.10000000000002,60,60,588,2,2
100,2020-01-08,ZboziCz,zbozi,514.96,65,48,2604,1,1
101,2020-01-09,AdWords,adwords_bra,146.3,248,275,455,14,14
102,2020-01-09,AdWords,adwords_dsa,37.57,11,10,285,0,0
103,2020-01-09,AdWords,adwords_pla,10051.06,2377,2415,180899,24,24
104,2020-01-09,AdWords,adwords_rem,326.43,194,234,13405,2,2
105,2020-01-09,AdWords,adwords_sea,62.3,26,30,595,0,0
106,2020-01-09,FacebookBusinessAdsManager,facebook,162.02,97,0,1822,0,0
107,2020-01-09,FirmyCz,zbozi,80.54,5,3,705,0,0
108,2020-01-09,HeurekaCz,heureka,61.52,14,29,0,2,2
109,2020-01-09,RtbHouse,rtbhouse,1885.06,592,467,28713,8,6
110,2020-01-09,Silverpop,emailing,1290.32,0,1558,0,12,12
111,2020-01-09,Sklik,notset,0.0,0,1,0,0,0
112,2020-01-09,Sklik,sklik_bra,95.5,147,154,210,5,5
113,2020-01-09,Sklik,sklik_pla,228.9,55,51,2849,0,0
114,2020-01-09,Sklik,sklik_rem,397.3,125,138,16258,2,2
115,2020-01-09,Sklik,sklik_sea,120.12,56,56,783,0,0
116,2020-01-09,ZboziCz,zbozi,686.6,64,51,2616,0,0
117,2020-01-10,AdWords,adwords_bra,167.62,271,326,475,10,8
118,2020-01-10,AdWords,adwords_dsa,771.53,66,63,1457,0,0
119,2020-01-10,AdWords,adwords_pla,9643.55,2327,2430,178749,25,25
120,2020-01-10,AdWords,adwords_rem,330.28,200,250,14553,1,1
121,2020-01-10,AdWords,adwords_sea,49.010000000000005,24,31,516,0,0
122,2020-01-10,FacebookBusinessAdsManager,facebook,130.14,97,0,1316,0,0
123,2020-01-10,FirmyCz,zbozi,80.54,4,1,704,0,0
124,2020-01-10,HeurekaCz,heureka,222.34,41,54,0,1,1
125,2020-01-10,RtbHouse,rtbhouse,1311.11,504,390,21780,4,4
126,2020-01-10,Silverpop,emailing,1290.32,0,1381,0,25,24
127,2020-01-10,Sklik,sklik_bra,84.8,133,147,193,7,6
128,2020-01-10,Sklik,sklik_pla,197.4,44,49,3019,0,0
129,2020-01-10,Sklik,sklik_rem,384.5,118,124,15907,2,2
130,2020-01-10,Sklik,sklik_sea,112.28,56,56,550,0,0
131,2020-01-10,ZboziCz,zbozi,353.3,48,40,2485,0,0
132,2020-01-11,AdWords,adwords_bra,85.1,177,202,344,4,4
133,2020-01-11,AdWords,adwords_dsa,339.72,50,46,1152,0,0
134,2020-01-11,AdWords,adwords_pla,6050.13,1760,1835,130332,15,15
135,2020-01-11,AdWords,adwords_rem,283.97,175,199,13414,0,0
136,2020-01-11,AdWords,adwords_sea,38.120000000000005,25,26,369,0,0
137,2020-01-11,FirmyCz,zbozi,80.54,4,2,704,0,0
138,2020-01-11,HeurekaCz,heureka,158.95,32,49,0,1,1
139,2020-01-11,RtbHouse,rtbhouse,722.5,403,357,18850,3,3
140,2020-01-11,Silverpop,emailing,1290.32,0,1013,0,12,12
141,2020-01-11,Sklik,sklik_bra,60.8,89,95,133,3,3
142,2020-01-11,Sklik,sklik_pla,184.7,42,43,1875,1,1
143,2020-01-11,Sklik,sklik_rem,347.2,112,125,13918,0,0
144,2020-01-11,Sklik,sklik_sea,55.38,35,37,363,0,0
145,2020-01-11,ZboziCz,zbozi,376.51,59,48,2215,0,0
146,2020-01-12,AdWords,adwords_bra,125.66,245,281,413,5,5
147,2020-01-12,AdWords,adwords_dsa,491.57,65,63,1176,0,0
148,2020-01-12,AdWords,adwords_pla,9221.71,2366,2427,171284,23,23
149,2020-01-12,AdWords,adwords_rem,351.95,211,229,14662,1,1
150,2020-01-12,AdWords,adwords_sea,49.97,24,39,499,0,0
151,2020-01-12,FirmyCz,zbozi,80.54,4,3,705,0,0
152,2020-01-12,HeurekaCz,heureka,160.42000000000002,28,45,0,1,1
153,2020-01-12,RtbHouse,rtbhouse,1262.05,492,386,22468,4,3
154,2020-01-12,Silverpop,emailing,1290.32,0,466,0,14,14
155,2020-01-12,Sklik,sklik_bra,71.1,118,121,176,5,5
156,2020-01-12,Sklik,sklik_pla,236.9,56,61,4484,1,1
157,2020-01-12,Sklik,sklik_rem,392.3,119,123,14351,0,0
158,2020-01-12,Sklik,sklik_sea,130.01999999999998,70,74,528,1,1
159,2020-01-12,ZboziCz,zbozi,510.84,66,45,2950,1,1
160,2020-01-13,AdWords,adwords_bra,185.56,291,362,554,18,17
161,2020-01-13,AdWords,adwords_dsa,448.31,54,49,1186,0,0
162,2020-01-13,AdWords,adwords_pla,11091.91,2581,2638,204461,25,25
163,2020-01-13,AdWords,adwords_rem,318.64,179,198,17408,2,2
164,2020-01-13,AdWords,adwords_sea,76.05,35,38,665,0,0
165,2020-01-13,Adform,adform_prospecting,0.0,0,1,0,0,0
166,2020-01-13,FirmyCz,zbozi,80.54,4,4,759,0,0
167,2020-01-13,HeurekaCz,heureka,115.17,27,60,0,2,2
168,2020-01-13,RtbHouse,rtbhouse,1685.42,434,378,24267,6,6
169,2020-01-13,Silverpop,emailing,1290.32,0,1442,0,23,23
170,2020-01-13,Sklik,sklik_bra,101.3,143,157,211,5,5
171,2020-01-13,Sklik,sklik_pla,237.0,56,56,3513,1,1
172,2020-01-13,Sklik,sklik_rem,398.2,120,115,17061,4,4
173,2020-01-13,Sklik,sklik_sea,127.24000000000001,51,56,714,0,0
174,2020-01-13,ZboziCz,zbozi,635.59,59,48,2850,2,2
175,2020-01-14,AdWords,adwords_bra,191.89,261,307,503,12,11
176,2020-01-14,AdWords,adwords_dsa,492.24,71,67,1671,0,0
177,2020-01-14,AdWords,adwords_pla,9395.36,2232,2363,189266,17,16
178,2020-01-14,AdWords,adwords_rem,354.84,189,227,14429,1,1
179,2020-01-14,AdWords,adwords_sea,92.21000000000001,47,57,634,0,0
180,2020-01-14,FirmyCz,zbozi,80.54,4,1,758,0,0
181,2020-01-14,HeurekaCz,heureka,163.82999999999998,35,56,0,2,2
182,2020-01-14,RtbHouse,rtbhouse,1373.16,447,321,24651,5,4
183,2020-01-14,Silverpop,emailing,1290.32,0,2690,0,51,37
184,2020-01-14,Sklik,sklik_bra,81.0,143,152,211,5,4
185,2020-01-14,Sklik,sklik_pla,323.0,72,66,3097,6,6
186,2020-01-14,Sklik,sklik_rem,354.9,110,122,15807,1,1
187,2020-01-14,Sklik,sklik_sea,147.9,63,58,575,1,1
188,2020-01-14,ZboziCz,zbozi,619.85,74,52,2768,2,2
189,2020-01-15,AdWords,adwords_bra,160.49,268,326,478,14,14
190,2020-01-15,AdWords,adwords_dsa,488.91,64,67,1578,0,0
191,2020-01-15,AdWords,adwords_pla,9803.06,2343,2437,180791,33,33
192,2020-01-15,AdWords,adwords_rem,658.08,307,334,22654,3,2
193,2020-01-15,AdWords,adwords_sea,49.239999999999995,27,33,633,0,0
194,2020-01-15,FacebookBusinessAdsManager,facebook,24.89,5,0,3481,0,0
195,2020-01-15,FirmyCz,zbozi,80.54,4,5,758,0,0
196,2020-01-15,HeurekaCz,heureka,252.47,45,65,0,1,1
197,2020-01-15,RtbHouse,rtbhouse,1024.49,446,350,25097,4,4
198,2020-01-15,Silverpop,emailing,1290.32,0,1536,0,25,18
199,2020-01-15,Sklik,sklik_bra,78.7,126,136,171,8,8
200,2020-01-15,Sklik,sklik_pla,162.2,39,38,3562,0,0
201,2020-01-15,Sklik,sklik_rem,401.4,119,117,17229,1,1
202,2020-01-15,Sklik,sklik_sea,157.79,68,64,693,3,3
203,2020-01-15,ZboziCz,zbozi,582.14,57,45,2750,1,1
204,2020-01-16,AdWords,adwords_bra,140.59,295,328,563,8,7
205,2020-01-16,AdWords,adwords_dsa,402.12,66,53,1645,0,0
206,2020-01-16,AdWords,adwords_pla,6777.77,1601,1685,135285,23,23
207,2020-01-16,AdWords,adwords_rem,678.13,313,325,23344,0,0
208,2020-01-16,AdWords,adwords_sea,78.24,33,40,576,0,0
209,2020-01-16,FacebookBusinessAdsManager,facebook,135.38,57,0,6956,0,0
210,2020-01-16,FirmyCz,zbozi,80.54,4,0,759,0,0
211,2020-01-16,HeurekaCz,heureka,156.06,25,38,0,0,0
212,2020-01-16,RtbHouse,rtbhouse,840.98,580,433,26607,4,3
213,2020-01-16,Silverpop,emailing,1290.32,0,1399,0,18,13
214,2020-01-16,Sklik,sklik_bra,100.2,139,148,199,5,5
215,2020-01-16,Sklik,sklik_pla,306.4,72,68,3907,2,2
216,2020-01-16,Sklik,sklik_rem,391.1,109,110,15476,0,0
217,2020-01-16,Sklik,sklik_sea,135.38,63,65,645,1,1
218,2020-01-16,ZboziCz,zbozi,600.51,63,54,2884,0,0
219,2020-01-17,AdWords,adwords_bra,141.75,230,279,437,6,5
220,2020-01-17,AdWords,adwords_dsa,396.68,64,60,1390,0,0
221,2020-01-17,AdWords,adwords_pla,1731.33,391,548,49053,5,5
222,2020-01-17,AdWords,adwords_rem,683.33,287,313,23553,1,1
223,2020-01-17,AdWords,adwords_sea,41.53,23,27,530,0,0
224,2020-01-17,FacebookBusinessAdsManager,facebook,203.03,99,0,8200,0,0
225,2020-01-17,FirmyCz,zbozi,80.54,4,1,758,0,0
226,2020-01-17,HeurekaCz,heureka,84.52000000000001,14,20,0,1,1
227,2020-01-17,RtbHouse,rtbhouse,1172.54,554,440,24241,5,5
228,2020-01-17,Silverpop,emailing,1290.32,0,1625,0,19,18
229,2020-01-17,Sklik,sklik_bra,83.2,135,143,185,7,6
230,2020-01-17,Sklik,sklik_pla,295.1,66,63,3181,0,0
231,2020-01-17,Sklik,sklik_rem,349.1,105,121,16437,2,2
232,2020-01-17,Sklik,sklik_sea,193.39999999999998,74,72,602,0,0
233,2020-01-17,ZboziCz,zbozi,546.55,65,50,2387,0,0
234,2020-01-18,AdWords,adwords_bra,76.2,243,275,423,9,8
235,2020-01-18,AdWords,adwords_dsa,321.13,53,54,1303,1,1
236,2020-01-18,AdWords,adwords_pla,785.34,217,294,24502,3,3
237,2020-01-18,AdWords,adwords_rem,432.94,193,206,16646,1,1
238,2020-01-18,AdWords,adwords_sea,62.370000000000005,39,54,449,0,0
239,2020-01-18,FacebookBusinessAdsManager,facebook,46.89,19,0,6327,0,0
240,2020-01-18,FirmyCz,zbozi,80.54,4,1,758,0,0
241,2020-01-18,HeurekaCz,heureka,102.28999999999999,22,39,0,1,1
242,2020-01-18,RtbHouse,rtbhouse,486.85,433,349,15658,2,2
243,2020-01-18,Silverpop,emailing,1290.32,0,833,0,16,13
244,2020-01-18,Sklik,sklik_bra,75.1,128,142,172,1,0
245,2020-01-18,Sklik,sklik_pla,287.9,66,65,5031,1,1
246,2020-01-18,Sklik,sklik_rem,356.8,109,114,13043,0,0
247,2020-01-18,Sklik,sklik_sea,172.8,63,67,552,2,2
248,2020-01-18,ZboziCz,zbozi,648.27,73,61,2535,1,1
249,2020-01-19,AdWords,adwords_bra,173.22,263,318,461,10,9
250,2020-01-19,AdWords,adwords_dsa,435.95,64,64,1168,0,0
251,2020-01-19,AdWords,adwords_pla,6333.83,1578,1819,108863,11,11
252,2020-01-19,AdWords,adwords_rem,720.67,349,365,22350,0,0
253,2020-01-19,AdWords,adwords_sea,42.75,22,38,462,0,0
254,2020-01-19,FacebookBusinessAdsManager,facebook,39.8,10,0,5838,0,0
255,2020-01-19,FirmyCz,zbozi,80.54,4,0,758,0,0
256,2020-01-19,HeurekaCz,heureka,118.44,24,33,0,0,0
257,2020-01-19,RtbHouse,rtbhouse,2194.18,543,406,18368,6,5
258,2020-01-19,Silverpop,emailing,1290.32,0,451,0,14,12
259,2020-01-19,Sklik,notset,0.0,0,1,0,0,0
260,2020-01-19,Sklik,sklik_bra,97.8,151,168,204,8,8
261,2020-01-19,Sklik,sklik_pla,210.5,52,51,3085,2,2
262,2020-01-19,Sklik,sklik_rem,402.09999999999997,122,125,11960,0,0
263,2020-01-19,Sklik,sklik_sea,148.2,63,68,569,1,1
264,2020-01-19,ZboziCz,zbozi,468.67,74,57,2873,1,1
265,2020-01-20,AdWords,adwords_bra,204.31,257,313,538,10,10
266,2020-01-20,AdWords,adwords_dsa,404.52,54,56,1187,0,0
267,2020-01-20,AdWords,adwords_pla,9824.19,2280,2333,193755,16,15
268,2020-01-20,AdWords,adwords_rem,836.95,395,423,29537,2,2
269,2020-01-20,AdWords,adwords_sea,79.38,39,52,488,0,0
270,2020-01-20,FacebookBusinessAdsManager,facebook,180.04,384,0,8786,0,0
271,2020-01-20,FirmyCz,zbozi,80.54,3,4,599,0,0
272,2020-01-20,HeurekaCz,heureka,147.17,33,49,0,3,3
273,2020-01-20,RtbHouse,rtbhouse,149.06,518,409,22289,2,2
274,2020-01-20,Silverpop,emailing,1290.32,0,1334,0,18,17
275,2020-01-20,Sklik,sklik_bra,93.4,126,155,177,11,11
276,2020-01-20,Sklik,sklik_pla,280.2,63,63,3014,1,1
277,2020-01-20,Sklik,sklik_rem,394.2,119,138,16205,1,1
278,2020-01-20,Sklik,sklik_sea,113.1,58,60,538,1,1
279,2020-01-20,ZboziCz,zbozi,417.57,58,57,2723,2,2
280,2020-01-21,AdWords,adwords_bra,136.53,263,306,484,12,11
281,2020-01-21,AdWords,adwords_dsa,390.1,56,55,1245,0,0
282,2020-01-21,AdWords,adwords_pla,9987.55,2355,2411,198368,22,22
283,2020-01-21,AdWords,adwords_rem,774.29,360,387,28057,0,0
284,2020-01-21,AdWords,adwords_sea,45.769999999999996,26,42,367,0,0
285,2020-01-21,FacebookBusinessAdsManager,facebook,213.75,422,0,11558,0,0
286,2020-01-21,FirmyCz,zbozi,80.54,3,3,598,0,0
287,2020-01-21,HeurekaCz,heureka,208.96,39,40,0,1,1
288,2020-01-21,RtbHouse,rtbhouse,578.14,471,349,18217,2,2
289,2020-01-21,Silverpop,emailing,1290.32,0,1690,0,16,16
290,2020-01-21,Sklik,sklik_bra,91.8,131,150,219,4,4
291,2020-01-21,Sklik,sklik_pla,243.6,54,55,2996,0,0
292,2020-01-21,Sklik,sklik_rem,324.7,98,110,16910,0,0
293,2020-01-21,Sklik,sklik_sea,147.1,51,48,693,0,0
294,2020-01-21,ZboziCz,zbozi,421.92,55,46,2614,1,1
295,2020-01-22,AdWords,adwords_bra,128.31,229,272,443,9,7
296,2020-01-22,AdWords,adwords_dsa,334.22,45,50,1285,2,2
297,2020-01-22,AdWords,adwords_pla,9802.28,2330,2312,192039,28,28
298,2020-01-22,AdWords,adwords_rem,950.74,382,420,29881,1,1
299,2020-01-22,AdWords,adwords_sea,36.74,18,27,390,0,0
300,2020-01-22,FacebookBusinessAdsManager,facebook,202.59,395,0,11090,0,0
301,2020-01-22,FirmyCz,zbozi,80.54,3,3,599,0,0
302,2020-01-22,HeurekaCz,heureka,131.65,23,41,0,1,1
303,2020-01-22,RtbHouse,rtbhouse,1633.1,914,655,35586,7,7
304,2020-01-22,Silverpop,emailing,1290.32,0,1628,0,26,26
305,2020-01-22,Sklik,sklik_bra,76.0,115,133,182,5,5
306,2020-01-22,Sklik,sklik_pla,326.2,77,78,3311,2,2
307,2020-01-22,Sklik,sklik_rem,373.09999999999997,106,121,16952,2,2
308,2020-01-22,Sklik,sklik_sea,118.78,50,50,702,0,0
309,2020-01-22,ZboziCz,zbozi,611.41,57,45,2576,1,1
310,2020-01-23,AdWords,adwords_bra,129.78,236,282,429,6,6
311,2020-01-23,AdWords,adwords_dsa,409.22,61,58,1094,0,0
312,2020-01-23,AdWords,adwords_pla,8717.08,2191,2207,177365,13,13
313,2020-01-23,AdWords,adwords_rem,917.22,353,376,27564,1,1
314,2020-01-23,AdWords,adwords_sea,26.88,14,21,393,0,0
315,2020-01-23,FacebookBusinessAdsManager,facebook,215.58,294,0,14361,0,0
316,2020-01-23,FirmyCz,zbozi,80.54,3,3,599,0,0
317,2020-01-23,HeurekaCz,heureka,197.61,38,54,0,2,2
318,2020-01-23,RtbHouse,rtbhouse,1162.41,916,685,37371,6,6
319,2020-01-23,Silverpop,emailing,1290.32,0,1592,0,33,33
320,2020-01-23,Sklik,sklik_bra,82.4,130,144,238,6,6
321,2020-01-23,Sklik,sklik_pla,268.8,63,64,3256,1,1
322,2020-01-23,Sklik,sklik_rem,353.1,108,108,16674,3,2
323,2020-01-23,Sklik,sklik_sea,157.07999999999998,57,54,831,0,0
324,2020-01-23,ZboziCz,zbozi,465.87,67,52,2832,1,1
325,2020-01-24,AdWords,adwords_bra,107.43,182,229,385,3,3
326,2020-01-24,AdWords,adwords_dsa,410.12,53,53,1348,0,0
327,2020-01-24,AdWords,adwords_pla,7890.35,2027,2061,159346,25,25
328,2020-01-24,AdWords,adwords_rem,848.32,331,341,26340,1,1
329,2020-01-24,AdWords,adwords_sea,40.27,19,25,412,0,0
330,2020-01-24,FacebookBusinessAdsManager,facebook,257.92,62,0,24366,0,0
331,2020-01-24,FirmyCz,zbozi,80.54,3,3,598,0,0
332,2020-01-24,HeurekaCz,heureka,132.55,29,38,0,1,1
333,2020-01-24,RtbHouse,rtbhouse,1518.05,906,658,33094,7,6
334,2020-01-24,Silverpop,emailing,1290.32,0,1544,0,22,21
335,2020-01-24,Sklik,sklik_bra,80.4,106,122,159,6,6
336,2020-01-24,Sklik,sklik_pla,262.3,64,58,3144,0,0
337,2020-01-24,Sklik,sklik_rem,339.3,97,112,13711,2,2
338,2020-01-24,Sklik,sklik_sea,106.78,40,39,519,0,0
339,2020-01-24,ZboziCz,zbozi,761.54,63,47,2536,0,0
340,2020-01-25,AdWords,adwords_bra,126.73,198,203,345,5,4
341,2020-01-25,AdWords,adwords_dsa,316.22,54,50,995,0,0
342,2020-01-25,AdWords,adwords_pla,6518.8,1895,1838,129723,7,7
343,2020-01-25,AdWords,adwords_rem,742.89,301,304,22927,2,2
344,2020-01-25,AdWords,adwords_sea,26.79,21,31,345,0,0
345,2020-01-25,FacebookBusinessAdsManager,facebook,378.64,194,0,21413,0,0
346,2020-01-25,FirmyCz,zbozi,80.54,3,0,599,0,0
347,2020-01-25,HeurekaCz,heureka,161.3,36,39,0,0,0
348,2020-01-25,RtbHouse,rtbhouse,0.0,891,587,28136,0,0
349,2020-01-25,Silverpop,emailing,1290.32,0,738,0,15,14
350,2020-01-25,Sklik,sklik_bra,64.8,110,107,145,2,2
351,2020-01-25,Sklik,sklik_pla,230.7,51,44,2142,1,1
352,2020-01-25,Sklik,sklik_rem,355.8,106,108,13486,0,0
353,2020-01-25,Sklik,sklik_sea,125.4,54,53,452,0,0
354,2020-01-25,ZboziCz,zbozi,522.5,53,42,2331,0,0
355,2020-01-26,AdWords,adwords_bra,106.45,203,252,369,6,6
356,2020-01-26,AdWords,adwords_dsa,343.7,57,57,1308,0,0
357,2020-01-26,AdWords,adwords_pla,8772.84,2353,2336,166698,21,20
358,2020-01-26,AdWords,adwords_rem,842.29,313,356,23869,4,4
359,2020-01-26,AdWords,adwords_sea,49.81999999999999,30,43,483,0,0
360,2020-01-26,FacebookBusinessAdsManager,facebook,301.48,161,0,18435,0,0
361,2020-01-26,FirmyCz,zbozi,80.54,3,1,598,0,0
362,2020-01-26,HeurekaCz,heureka,252.85,48,69,0,3,3
363,2020-01-26,RtbHouse,rtbhouse,912.03,946,690,34994,3,3
364,2020-01-26,Silverpop,emailing,1290.32,0,425,0,15,14
365,2020-01-26,Sklik,sklik_bra,0.0,0,160,0,4,4
366,2020-01-26,Sklik,sklik_pla,0.0,0,68,0,0,0
367,2020-01-26,Sklik,sklik_rem,0.0,0,131,0,2,2
368,2020-01-26,Sklik,sklik_sea,0.0,0,79,0,0,0
369,2020-01-26,ZboziCz,zbozi,812.39,79,65,2939,1,1
370,2020-01-27,AdWords,adwords_bra,191.67,246,288,443,14,13
371,2020-01-27,AdWords,adwords_dsa,429.37,55,53,1288,0,0
372,2020-01-27,AdWords,adwords_pla,9255.09,2600,2655,211267,23,21
373,2020-01-27,AdWords,adwords_rem,1438.38,450,495,40617,0,0
374,2020-01-27,AdWords,adwords_sea,35.95,24,36,446,0,0
375,2020-01-27,FirmyCz,zbozi,80.54,3,1,672,0,0
376,2020-01-27,HeurekaCz,heureka,205.22,42,58,0,1,1
377,2020-01-27,RtbHouse,rtbhouse,2417.82,846,677,35549,7,6
378,2020-01-27,Silverpop,emailing,1290.32,0,1703,0,26,26
379,2020-01-27,Sklik,sklik_bra,75.9,127,146,191,5,5
380,2020-01-27,Sklik,sklik_pla,282.2,63,74,3163,1,1
381,2020-01-27,Sklik,sklik_rem,401.59999999999997,117,121,17087,1,1
382,2020-01-27,Sklik,sklik_sea,163.7,69,67,806,0,0
383,2020-01-27,ZboziCz,zbozi,871.45,60,50,2882,0,0
384,2020-01-28,AdWords,adwords_bra,116.4,207,238,392,4,4
385,2020-01-28,AdWords,adwords_dsa,82.82,12,12,271,0,0
386,2020-01-28,AdWords,adwords_pla,10015.56,2441,2477,196658,31,28
387,2020-01-28,AdWords,adwords_rem,1590.69,499,526,44409,2,2
388,2020-01-28,AdWords,adwords_sea,57.47,27,33,417,0,0
389,2020-01-28,FacebookBusinessAdsManager,facebook,209.75,312,0,5908,0,0
390,2020-01-28,FirmyCz,zbozi,80.54,2,1,672,0,0
391,2020-01-28,HeurekaCz,heureka,178.56,31,47,0,1,0
392,2020-01-28,RtbHouse,rtbhouse,823.81,638,477,25058,3,2
393,2020-01-28,Silverpop,emailing,1290.32,0,1456,0,18,17
394,2020-01-28,Sklik,sklik_bra,77.5,129,158,178,8,8
395,2020-01-28,Sklik,sklik_pla,281.2,62,66,2879,2,2
396,2020-01-28,Sklik,sklik_rem,348.8,99,102,13423,3,3
397,2020-01-28,Sklik,sklik_sea,163.28,74,72,662,1,1
398,2020-01-28,ZboziCz,zbozi,643.07,62,52,2833,0,0
399,2020-01-29,AdWords,adwords_bra,144.59,224,266,449,9,9
400,2020-01-29,AdWords,adwords_dsa,0.0,0,1,0,0,0
401,2020-01-29,AdWords,adwords_pla,9228.24,2273,2324,186392,25,25
402,2020-01-29,AdWords,adwords_rem,1482.49,456,504,39937,3,3
403,2020-01-29,AdWords,adwords_sea,64.62,29,44,493,0,0
404,2020-01-29,FacebookBusinessAdsManager,facebook,190.25,255,0,5626,0,0
405,2020-01-29,FirmyCz,zbozi,80.54,2,5,672,0,0
406,2020-01-29,HeurekaCz,heureka,247.11,48,53,0,1,1
407,2020-01-29,RtbHouse,rtbhouse,695.37,549,424,22579,3,3
408,2020-01-29,Silverpop,emailing,1290.32,0,1409,0,28,27
409,2020-01-29,Sklik,sklik_bra,81.5,138,163,200,3,3
410,2020-01-29,Sklik,sklik_pla,239.5,53,54,3152,0,0
411,2020-01-29,Sklik,sklik_rem,409.7,117,104,15246,1,1
412,2020-01-29,Sklik,sklik_sea,141.10000000000002,60,58,652,0,0
413,2020-01-29,ZboziCz,zbozi,714.72,87,61,2817,1,1
414,2020-01-30,AdWords,adwords_bra,152.2,251,291,446,10,9
415,2020-01-30,AdWords,adwords_dsa,0.0,0,1,0,0,0
416,2020-01-30,AdWords,adwords_pla,8174.1,2086,2172,164280,28,28
417,2020-01-30,AdWords,adwords_rem,1439.44,453,491,38898,1,1
418,2020-01-30,AdWords,adwords_sea,39.45,21,28,407,1,1
419,2020-01-30,FirmyCz,zbozi,80.54,3,2,673,0,0
420,2020-01-30,HeurekaCz,heureka,180.07999999999998,43,48,0,2,2
421,2020-01-30,RtbHouse,rtbhouse,487.08,631,492,26351,1,1
422,2020-01-30,Silverpop,emailing,1290.32,0,1561,0,27,27
423,2020-01-30,Sklik,sklik_bra,61.5,116,136,182,6,5
424,2020-01-30,Sklik,sklik_pla,300.5,65,65,3276,2,2
425,2020-01-30,Sklik,sklik_rem,391.2,116,113,16257,2,2
426,2020-01-30,Sklik,sklik_sea,164.7,60,59,763,0,0
427,2020-01-30,ZboziCz,zbozi,835.43,78,59,2257,4,4
428,2020-01-31,AdWords,adwords_bra,111.64,188,235,387,10,10
429,2020-01-31,AdWords,adwords_pla,7311.52,1909,1977,147741,17,17
430,2020-01-31,AdWords,adwords_rem,1557.59,495,534,39570,1,1
431,2020-01-31,AdWords,adwords_sea,32.47,20,28,463,0,0
432,2020-01-31,FirmyCz,zbozi,80.54,2,1,672,0,0
433,2020-01-31,HeurekaCz,heureka,163.95999999999998,35,46,0,0,0
434,2020-01-31,RtbHouse,rtbhouse,3830.66,811,575,29364,6,5
435,2020-01-31,Silverpop,emailing,1290.32,0,1589,0,30,29
436,2020-01-31,Sklik,sklik_bra,67.9,108,128,182,6,6
437,2020-01-31,Sklik,sklik_pla,254.2,60,67,2823,1,1
438,2020-01-31,Sklik,sklik_rem,375.0,117,124,13291,1,1
439,2020-01-31,Sklik,sklik_sea,107.78,41,44,537,0,0
440,2020-01-31,ZboziCz,zbozi,0.0,0,4,0,0,0
441,2020-02-01,AdWords,adwords_bra,89.25,156,197,311,2,2
442,2020-02-01,AdWords,adwords_dsa,0.0,0,1,0,0,0
443,2020-02-01,AdWords,adwords_pla,5133.75,1593,1597,112618,13,13
444,2020-02-01,AdWords,adwords_rem,1078.43,373,381,28399,3,3
445,2020-02-01,AdWords,adwords_sea,51.120000000000005,29,41,335,0,0
446,2020-02-01,FirmyCz,zbozi,80.54,2,0,672,0,0
447,2020-02-01,HeurekaCz,heureka,175.77,39,52,0,0,0
448,2020-02-01,RtbHouse,rtbhouse,1082.64,603,449,22449,5,5
449,2020-02-01,Silverpop,emailing,1379.31,0,643,0,15,15
450,2020-02-01,Sklik,sklik_bra,57.8,85,91,113,1,1
451,2020-02-01,Sklik,sklik_pla,266.6,48,52,2614,1,1
452,2020-02-01,Sklik,sklik_rem,333.9,105,115,11531,0,0
453,2020-02-01,Sklik,sklik_sea,105.8,48,47,441,0,0
454,2020-02-01,ZboziCz,zbozi,412.61,55,45,2382,0,0
455,2020-02-02,AdWords,adwords_bra,93.71,223,267,372,7,7
456,2020-02-02,AdWords,adwords_dsa,0.0,0,1,0,0,0
457,2020-02-02,AdWords,adwords_pla,8881.86,2466,2499,170513,23,23
458,2020-02-02,AdWords,adwords_rem,1115.92,350,387,27362,2,2
459,2020-02-02,AdWords,adwords_sea,58.71,32,46,533,0,0
460,2020-02-02,FirmyCz,zbozi,80.54,2,0,672,0,0
461,2020-02-02,HeurekaCz,heureka,165.9,41,50,0,0,0
462,2020-02-02,RtbHouse,rtbhouse,4459.0,922,607,28093,5,5
463,2020-02-02,Silverpop,emailing,1379.31,0,448,0,18,18
464,2020-02-02,Sklik,sklik_bra,88.6,134,148,231,6,5
465,2020-02-02,Sklik,sklik_pla,309.4,61,66,2597,1,1
466,2020-02-02,Sklik,sklik_rem,392.4,120,129,12753,0,0
467,2020-02-02,Sklik,sklik_sea,215.8,83,79,616,1,1
468,2020-02-02,ZboziCz,zbozi,521.15,77,57,2894,2,2
469,2020-02-03,AdWords,adwords_bra,117.02,253,313,456,16,14
470,2020-02-03,AdWords,adwords_pla,9568.6,2421,2508,198908,27,27
471,2020-02-03,AdWords,adwords_rem,1091.15,331,367,34324,3,3
472,2020-02-03,AdWords,adwords_sea,34.38,21,39,473,0,0
473,2020-02-03,FacebookBusinessAdsManager,facebook,72.82,62,0,1367,0,0
474,2020-02-03,FirmyCz,zbozi,80.54,4,5,633,0,0
475,2020-02-03,HeurekaCz,heureka,126.3,39,51,0,2,1
476,2020-02-03,RtbHouse,rtbhouse,583.9,729,566,28857,3,3
477,2020-02-03,Silverpop,emailing,1379.31,0,1348,0,21,20
478,2020-02-03,Sklik,sklik_bra,69.6,129,153,177,6,6
479,2020-02-03,Sklik,sklik_pla,262.1,58,52,3405,1,1
480,2020-02-03,Sklik,sklik_rem,348.4,111,116,14150,0,0
481,2020-02-03,Sklik,sklik_sea,152.9,64,59,657,0,0
482,2020-02-03,ZboziCz,zbozi,604.54,79,56,2880,1,1
483,2020-02-04,AdWords,adwords_bra,136.54,248,294,434,11,11
484,2020-02-04,AdWords,adwords_dsa,0.0,0,3,0,0,0
485,2020-02-04,AdWords,adwords_pla,9943.04,2421,2472,203440,32,32
486,2020-02-04,AdWords,adwords_rem,991.91,300,327,29507,0,0
487,2020-02-04,AdWords,adwords_sea,49.46,23,38,550,0,0
488,2020-02-04,FacebookBusinessAdsManager,facebook,127.18,62,0,2184,0,0
489,2020-02-04,FirmyCz,zbozi,80.54,3,0,632,0,0
490,2020-02-04,HeurekaCz,heureka,119.5,38,56,0,0,0
491,2020-02-04,RtbHouse,rtbhouse,2334.02,745,553,27966,6,4
492,2020-02-04,Silverpop,emailing,1379.31,0,1024,0,24,24
493,2020-02-04,Sklik,sklik_bra,77.6,139,149,219,8,7
494,2020-02-04,Sklik,sklik_pla,306.0,59,58,2796,1,1
495,2020-02-04,Sklik,sklik_rem,324.8,97,104,13598,1,1
496,2020-02-04,Sklik,sklik_sea,160.1,66,67,638,0,0
497,2020-02-04,ZboziCz,zbozi,518.66,85,61,3051,2,2
498,2020-02-05,AdWords,adwords_bra,119.34,217,255,430,6,5
499,2020-02-05,AdWords,adwords_pla,10039.17,2406,2401,196829,33,33
500,2020-02-05,AdWords,adwords_rem,946.71,297,321,26880,1,1
501,2020-02-05,AdWords,adwords_sea,45.32,25,36,574,0,0
502,2020-02-05,FirmyCz,zbozi,80.54,4,0,632,0,0
503,2020-02-05,HeurekaCz,heureka,122.2,31,45,0,1,1
504,2020-02-05,RtbHouse,rtbhouse,2361.69,611,479,28724,4,4
505,2020-02-05,Silverpop,emailing,1379.31,0,1261,0,16,15
506,2020-02-05,Sklik,sklik_bra,67.0,121,137,173,4,4
507,2020-02-05,Sklik,sklik_pla,314.0,61,65,3145,2,2
508,2020-02-05,Sklik,sklik_rem,336.4,105,105,13387,0,0
509,2020-02-05,Sklik,sklik_sea,142.04,62,71,658,1,1
510,2020-02-05,ZboziCz,zbozi,494.88,63,44,2688,1,0
511,2020-02-06,AdWords,adwords_bra,118.92,232,268,388,14,13
512,2020-02-06,AdWords,adwords_pla,9221.23,2266,2300,181484,23,23
513,2020-02-06,AdWords,adwords_rem,925.26,270,294,24348,0,0
514,2020-02-06,AdWords,adwords_sea,53.28,26,38,463,0,0
515,2020-02-06,FacebookBusinessAdsManager,facebook,93.86,97,0,1744,0,0
516,2020-02-06,FirmyCz,zbozi,80.54,4,4,633,1,1
517,2020-02-06,HeurekaCz,heureka,149.4,40,55,0,1,1
518,2020-02-06,RtbHouse,rtbhouse,1439.19,1198,823,49890,8,7
519,2020-02-06,Silverpop,emailing,1379.31,0,1240,0,19,19
520,2020-02-06,Sklik,sklik_bra,65.0,113,130,173,6,4
521,2020-02-06,Sklik,sklik_pla,247.1,50,51,4627,0,0
522,2020-02-06,Sklik,sklik_rem,382.7,123,127,14160,0,0
523,2020-02-06,Sklik,sklik_sea,171.46,73,72,1118,1,1
524,2020-02-06,ZboziCz,zbozi,328.29,52,42,2455,1,1
525,2020-02-07,AdWords,adwords_bra,134.98,171,202,335,11,11
526,2020-02-07,AdWords,adwords_pla,7487.02,1913,1995,156537,16,14
527,2020-02-07,AdWords,adwords_rem,897.13,264,277,19763,0,0
528,2020-02-07,AdWords,adwords_sea,41.07,21,37,381,0,0
529,2020-02-07,FacebookBusinessAdsManager,facebook,106.14,114,0,2542,0,0
530,2020-02-07,FirmyCz,zbozi,80.54,3,2,632,0,0
531,2020-02-07,HeurekaCz,heureka,92.0,27,51,0,1,1
532,2020-02-07,RtbHouse,rtbhouse,789.56,1043,760,44870,3,3
533,2020-02-07,Silverpop,emailing,1379.31,0,1552,0,18,18
534,2020-02-07,Sklik,sklik_bra,68.9,104,126,150,3,3
535,2020-02-07,Sklik,sklik_pla,299.6,57,59,3735,2,2
536,2020-02-07,Sklik,sklik_rem,278.4,93,99,14734,0,0
537,2020-02-07,Sklik,sklik_sea,174.32,71,73,971,0,0
538,2020-02-07,ZboziCz,zbozi,459.74,50,40,2319,0,0
539,2020-02-08,AdWords,adwords_bra,71.02,148,170,268,4,4
540,2020-02-08,AdWords,adwords_pla,5655.12,1654,1679,121112,18,17
541,2020-02-08,AdWords,adwords_rem,726.95,244,259,17588,2,2
542,2020-02-08,AdWords,adwords_sea,11.799999999999999,11,22,296,0,0
543,2020-02-08,FirmyCz,zbozi,80.54,4,0,632,0,0
544,2020-02-08,HeurekaCz,heureka,123.0,34,44,0,0,0
545,2020-02-08,RtbHouse,rtbhouse,422.15,802,524,28816,4,4
546,2020-02-08,Silverpop,emailing,1379.31,0,829,0,14,14
547,2020-02-08,Sklik,sklik_bra,49.71,68,73,105,0,0
548,2020-02-08,Sklik,sklik_pla,292.8,49,49,2825,1,1
549,2020-02-08,Sklik,sklik_rem,241.7,81,83,10651,0,0
550,2020-02-08,Sklik,sklik_sea,141.35,51,51,608,1,1
551,2020-02-08,ZboziCz,zbozi,352.83,63,41,2196,1,1
552,2020-02-09,AdWords,adwords_bra,81.5,158,201,322,5,5
553,2020-02-09,AdWords,adwords_pla,9128.58,2315,2461,163163,26,24
554,2020-02-09,AdWords,adwords_rem,914.51,337,370,28274,3,3
555,2020-02-09,AdWords,adwords_sea,63.59,41,43,502,0,0
556,2020-02-09,FirmyCz,zbozi,80.54,3,1,632,0,0
557,2020-02-09,HeurekaCz,heureka,128.7,38,58,0,2,2
558,2020-02-09,RtbHouse,rtbhouse,1945.54,1094,667,36730,8,8
559,2020-02-09,Silverpop,emailing,1379.31,0,411,0,11,11
560,2020-02-09,Sklik,sklik_bra,59.7,101,110,150,3,2
561,2020-02-09,Sklik,sklik_pla,197.7,41,44,3010,0,0
562,2020-02-09,Sklik,sklik_rem,280.1,97,105,12135,0,0
563,2020-02-09,Sklik,sklik_sea,204.76,88,86,772,1,1
564,2020-02-09,ZboziCz,zbozi,534.8,63,49,2777,0,0
565,2020-02-10,AdWords,adwords_bra,159.63,265,306,463,11,11
566,2020-02-10,AdWords,adwords_dsa,0.0,0,1,0,0,0
567,2020-02-10,AdWords,adwords_pla,9622.09,2262,2319,187426,24,24
568,2020-02-10,AdWords,adwords_rem,869.53,333,367,33488,1,1
569,2020-02-10,AdWords,adwords_sea,47.24,28,46,543,0,0
570,2020-02-10,FacebookBusinessAdsManager,facebook,106.38,346,0,3294,0,0
571,2020-02-10,FirmyCz,zbozi,80.54,3,1,588,0,0
572,2020-02-10,HeurekaCz,heureka,171.5,47,70,0,3,3
573,2020-02-10,RtbHouse,rtbhouse,2284.55,613,480,27876,3,3
574,2020-02-10,Silverpop,emailing,1379.31,0,1339,0,30,29
575,2020-02-10,Sklik,sklik_bra,69.9,108,123,174,5,5
576,2020-02-10,Sklik,sklik_pla,296.8,59,55,3874,1,1
577,2020-02-10,Sklik,sklik_rem,334.0,113,117,15240,1,1
578,2020-02-10,Sklik,sklik_sea,259.94,98,96,1050,0,0
579,2020-02-10,ZboziCz,zbozi,651.42,65,48,2556,0,0
580,2020-02-11,AdWords,adwords_bra,95.68,202,242,366,10,10
581,2020-02-11,AdWords,adwords_pla,11213.95,2516,2577,216416,29,29
582,2020-02-11,AdWords,adwords_rem,870.61,294,313,27680,1,1
583,2020-02-11,AdWords,adwords_sea,65.66,30,50,511,1,1
584,2020-02-11,FacebookBusinessAdsManager,facebook,173.72,670,0,6144,0,0
585,2020-02-11,FirmyCz,zbozi,80.54,4,2,589,0,0
586,2020-02-11,HeurekaCz,heureka,192.1,51,57,0,4,4
587,2020-02-11,RtbHouse,rtbhouse,1986.95,578,392,22186,3,3
588,2020-02-11,Silverpop,emailing,1379.31,0,1353,0,20,20
589,2020-02-11,Sklik,sklik_bra,71.0,106,116,159,9,9
590,2020-02-11,Sklik,sklik_pla,285.7,59,59,3409,0,0
591,2020-02-11,Sklik,sklik_rem,307.4,99,104,14292,1,1
592,2020-02-11,Sklik,sklik_sea,189.97,83,84,946,0,0
593,2020-02-11,ZboziCz,zbozi,460.58,52,42,2803,0,0
594,2020-02-12,AdWords,adwords_bra,152.61,237,281,430,11,11
595,2020-02-12,AdWords,adwords_pla,11324.92,2488,2568,202560,33,31
596,2020-02-12,AdWords,adwords_rem,880.08,220,263,19820,2,2
597,2020-02-12,AdWords,adwords_sea,104.08,37,56,523,1,1
598,2020-02-12,FacebookBusinessAdsManager,facebook,273.32,470,0,15714,0,0
599,2020-02-12,FirmyCz,zbozi,80.54,3,1,589,0,0
600,2020-02-12,HeurekaCz,heureka,93.7,33,55,0,1,1
601,2020-02-12,RtbHouse,rtbhouse,1918.06,537,412,22884,5,4
602,2020-02-12,Silverpop,emailing,1379.31,0,1365,0,18,18
603,2020-02-12,Sklik,sklik_bra,69.7,119,127,188,5,4
604,2020-02-12,Sklik,sklik_pla,169.9,39,41,3058,0,0
605,2020-02-12,Sklik,sklik_rem,315.09999999999997,107,114,15267,0,0
606,2020-02-12,Sklik,sklik_sea,159.98000000000002,71,66,927,0,0
607,2020-02-12,ZboziCz,zbozi,776.45,78,58,2824,0,0
608,2020-02-13,AdWords,adwords_bra,88.04,207,239,367,9,8
609,2020-02-13,AdWords,adwords_pla,8507.55,2117,2240,177031,31,31
610,2020-02-13,AdWords,adwords_rem,889.73,267,282,24517,2,2
611,2020-02-13,AdWords,adwords_sea,52.74,20,38,509,1,1
612,2020-02-13,FacebookBusinessAdsManager,facebook,146.58,352,0,3768,0,0
613,2020-02-13,FirmyCz,zbozi,80.54,4,4,589,0,0
614,2020-02-13,HeurekaCz,heureka,161.3,44,53,0,1,1
615,2020-02-13,RtbHouse,rtbhouse,1984.07,971,635,35766,6,5
616,2020-02-13,Silverpop,emailing,1379.31,0,1184,0,12,12
617,2020-02-13,Sklik,sklik_bra,72.9,112,123,165,5,5
618,2020-02-13,Sklik,sklik_pla,219.8,44,53,2620,0,0
619,2020-02-13,Sklik,sklik_rem,384.8,123,118,14910,1,0
620,2020-02-13,Sklik,sklik_sea,165.8,71,64,1035,0,0
621,2020-02-13,ZboziCz,zbozi,483.16,76,62,2567,1,1
622,2020-02-14,AdWords,adwords_bra,95.84,173,215,346,7,7
623,2020-02-14,AdWords,adwords_pla,6912.21,1812,1918,139152,21,21
624,2020-02-14,AdWords,adwords_rem,748.81,216,230,22674,3,3
625,2020-02-14,AdWords,adwords_sea,51.66,24,36,440,1,1
626,2020-02-14,FacebookBusinessAdsManager,facebook,200.0,72,0,2725,0,0
627,2020-02-14,FirmyCz,zbozi,80.54,3,2,588,0,0
628,2020-02-14,HeurekaCz,heureka,71.5,21,35,0,3,3
629,2020-02-14,RtbHouse,rtbhouse,4672.51,852,609,35676,7,7
630,2020-02-14,Silverpop,emailing,1379.31,0,1330,0,17,17
631,2020-02-14,Sklik,sklik_bra,52.8,93,107,126,5,5
632,2020-02-14,Sklik,sklik_pla,168.3,39,41,2648,1,1
633,2020-02-14,Sklik,sklik_rem,288.4,92,99,13309,2,2
634,2020-02-14,Sklik,sklik_sea,159.41,58,58,913,0,0
635,2020-02-14,ZboziCz,zbozi,427.26,62,54,2420,0,0
636,2020-02-15,AdWords,adwords_bra,40.05,132,148,292,4,4
637,2020-02-15,AdWords,adwords_dsa,0.0,0,2,0,0,0
638,2020-02-15,AdWords,adwords_pla,5634.59,1652,1700,124348,16,16
639,2020-02-15,AdWords,adwords_rem,892.3,256,268,20831,5,5
640,2020-02-15,AdWords,adwords_sea,27.17,15,28,321,0,0
641,2020-02-15,FirmyCz,zbozi,80.54,3,1,589,0,0
642,2020-02-15,HeurekaCz,heureka,118.0,29,37,0,0,0
643,2020-02-15,RtbHouse,rtbhouse,579.72,695,510,25645,2,1
644,2020-02-15,Silverpop,emailing,1379.31,0,1193,0,24,24
645,2020-02-15,Sklik,sklik_bra,58.2,89,104,119,3,3
646,2020-02-15,Sklik,sklik_pla,123.8,35,35,1454,0,0
647,2020-02-15,Sklik,sklik_rem,305.2,90,92,10644,2,2
648,2020-02-15,Sklik,sklik_sea,116.09,58,55,734,0,0
649,2020-02-15,ZboziCz,zbozi,453.65,54,39,2180,2,2
650,2020-02-16,AdWords,adwords_bra,48.79,170,207,336,8,6
651,2020-02-16,AdWords,adwords_dsa,0.0,0,4,0,0,0
652,2020-02-16,AdWords,adwords_pla,9000.3,2346,2399,158447,27,27
653,2020-02-16,AdWords,adwords_rem,939.04,255,281,23522,4,4
654,2020-02-16,AdWords,adwords_sea,56.8,28,43,511,0,0
655,2020-02-16,FirmyCz,zbozi,80.54,4,0,589,0,0
656,2020-02-16,HeurekaCz,heureka,115.1,35,45,0,1,1
657,2020-02-16,RtbHouse,rtbhouse,2315.81,929,640,32785,6,4
658,2020-02-16,Silverpop,emailing,1379.31,0,578,0,21,20
659,2020-02-16,Sklik,sklik_bra,62.42,109,132,155,7,6
660,2020-02-16,Sklik,sklik_pla,170.3,46,49,2119,1,1
661,2020-02-16,Sklik,sklik_rem,268.1,87,99,10824,2,2
662,2020-02-16,Sklik,sklik_sea,149.51999999999998,77,80,916,0,0
663,2020-02-16,ZboziCz,zbozi,586.96,73,44,2897,0,0
664,2020-02-17,AdWords,adwords_bra,118.75,218,258,471,8,8
665,2020-02-17,AdWords,adwords_dsa,0.0,0,2,0,0,0
666,2020-02-17,AdWords,adwords_pla,8988.86,2199,2301,180603,37,36
667,2020-02-17,AdWords,adwords_rem,887.85,270,295,34640,1,1
668,2020-02-17,AdWords,adwords_sea,52.64,25,43,532,0,0
669,2020-02-17,Bing,bing,0.0,0,1,0,0,0
670,2020-02-17,FacebookBusinessAdsManager,facebook,33.85,11,0,4648,0,0
671,2020-02-17,FirmyCz,zbozi,80.54,4,0,653,0,0
672,2020-02-17,HeurekaCz,heureka,136.7,37,58,0,1,1
673,2020-02-17,RtbHouse,rtbhouse,2485.44,838,600,41472,3,3
674,2020-02-17,Silverpop,emailing,1379.31,0,2003,0,45,44
675,2020-02-17,Sklik,sklik_bra,63.1,121,135,202,8,8
676,2020-02-17,Sklik,sklik_pla,126.2,44,49,2335,3,3
677,2020-02-17,Sklik,sklik_rem,262.4,82,87,12878,1,1
678,2020-02-17,Sklik,sklik_sea,211.27,89,91,1017,1,1
679,2020-02-17,ZboziCz,zbozi,532.96,65,55,2762,0,0
680,2020-02-18,AdWords,adwords_bra,128.57,228,266,449,10,9
681,2020-02-18,AdWords,adwords_dsa,0.0,0,1,0,0,0
682,2020-02-18,AdWords,adwords_pla,10999.35,2531,2585,216307,31,31
683,2020-02-18,AdWords,adwords_rem,897.65,206,215,25657,1,1
684,2020-02-18,AdWords,adwords_sea,55.89,27,46,607,0,0
685,2020-02-18,FacebookBusinessAdsManager,facebook,47.02,13,0,5920,0,0
686,2020-02-18,FirmyCz,zbozi,80.54,3,1,653,0,0
687,2020-02-18,HeurekaCz,heureka,193.20000000000002,51,60,0,1,1
688,2020-02-18,RtbHouse,rtbhouse,1667.68,783,556,37283,3,2
689,2020-02-18,Silverpop,emailing,1379.31,0,1405,0,23,23
690,2020-02-18,Sklik,sklik_bra,59.8,112,132,204,6,5
691,2020-02-18,Sklik,sklik_pla,79.7,27,23,2001,0,0
692,2020-02-18,Sklik,sklik_rem,368.8,109,118,13813,0,0
693,2020-02-18,Sklik,sklik_sea,200.24,77,77,927,1,1
694,2020-02-18,ZboziCz,zbozi,464.16,65,50,2850,0,0
695,2020-02-19,AdWords,adwords_bra,143.87,238,258,484,10,9
696,2020-02-19,AdWords,adwords_pla,13344.03,2882,2916,240605,24,24
697,2020-02-19,AdWords,adwords_rem,867.03,234,245,24627,1,1
698,2020-02-19,AdWords,adwords_sea,46.230000000000004,23,35,457,0,0
699,2020-02-19,Adform,adform_prospecting,0.0,1,1,0,0,0
700,2020-02-19,FacebookBusinessAdsManager,facebook,106.01,32,0,6415,0,0
701,2020-02-19,FirmyCz,zbozi,80.54,4,0,653,0,0
702,2020-02-19,HeurekaCz,heureka,111.39999999999999,26,56,0,0,0
703,2020-02-19,RtbHouse,rtbhouse,2268.55,887,627,40911,5,5
704,2020-02-19,Silverpop,emailing,1379.31,0,1602,0,25,25
705,2020-02-19,Sklik,notset,0.0,0,1,0,0,0
706,2020-02-19,Sklik,sklik_bra,84.8,144,147,205,7,6
707,2020-02-19,Sklik,sklik_pla,104.7,36,36,1702,1,1
708,2020-02-19,Sklik,sklik_rem,357.8,105,113,13575,1,1
709,2020-02-19,Sklik,sklik_sea,176.46,78,76,885,0,0
710,2020-02-19,ZboziCz,zbozi,645.41,59,52,2824,0,0
711,2020-02-20,AdWords,adwords_bra,101.15,240,282,461,7,7
712,2020-02-20,AdWords,adwords_dsa,0.0,0,2,0,0,0
713,2020-02-20,AdWords,adwords_pla,10627.79,2541,2662,196417,36,36
714,2020-02-20,AdWords,adwords_rem,822.63,216,234,24097,2,2
715,2020-02-20,AdWords,adwords_sea,67.86,26,40,541,0,0
716,2020-02-20,FacebookBusinessAdsManager,facebook,178.59,43,0,11277,0,0
717,2020-02-20,FirmyCz,zbozi,80.54,4,3,653,0,0
718,2020-02-20,HeurekaCz,heureka,125.6,40,55,0,2,2
719,2020-02-20,RtbHouse,rtbhouse,1708.13,948,648,43156,9,8
720,2020-02-20,Silverpop,emailing,1379.31,0,1355,0,26,26
721,2020-02-20,Sklik,sklik_bra,51.8,91,108,140,4,4
722,2020-02-20,Sklik,sklik_pla,96.4,34,38,1974,1,1
723,2020-02-20,Sklik,sklik_rem,364.4,109,109,13302,0,0
724,2020-02-20,Sklik,sklik_sea,202.64,73,75,889,0,0
725,2020-02-20,ZboziCz,zbozi,590.89,81,49,2643,1,1
726,2020-02-21,AdWords,adwords_bra,157.1,209,226,373,6,6
727,2020-02-21,AdWords,adwords_dsa,0.0,0,2,0,0,0
728,2020-02-21,AdWords,adwords_pla,7942.129999999999,2012,2109,166211,18,18
729,2020-02-21,AdWords,adwords_rem,822.14,224,251,21571,3,3
730,2020-02-21,AdWords,adwords_sea,84.4,42,55,510,0,0
731,2020-02-21,FacebookBusinessAdsManager,facebook,287.42,82,0,12933,0,0
732,2020-02-21,FirmyCz,zbozi,80.54,3,1,653,0,0
733,2020-02-21,HeurekaCz,heureka,124.9,31,39,0,1,1
734,2020-02-21,RtbHouse,rtbhouse,1303.78,1029,649,41010,1,1
735,2020-02-21,Silverpop,emailing,1379.31,0,1574,0,23,21
736,2020-02-21,Sklik,sklik_bra,57.8,100,115,147,5,4
737,2020-02-21,Sklik,sklik_pla,91.3,37,40,1755,0,0
738,2020-02-21,Sklik,sklik_rem,0.0,0,92,0,0,0
739,2020-02-21,Sklik,sklik_sea,148.5,57,63,741,0,0
740,2020-02-21,ZboziCz,zbozi,330.09,40,31,2581,0,0
741,2020-02-22,AdWords,adwords_bra,61.32,124,150,249,6,5
742,2020-02-22,AdWords,adwords_dsa,0.0,0,1,0,0,0
743,2020-02-22,AdWords,adwords_pla,6036.66,1721,1772,128989,13,13
744,2020-02-22,AdWords,adwords_rem,800.64,224,265,23399,3,3
745,2020-02-22,AdWords,adwords_sea,64.61,28,33,346,0,0
746,2020-02-22,FacebookBusinessAdsManager,facebook,278.14,99,0,14219,0,0
747,2020-02-22,FirmyCz,zbozi,80.54,4,1,653,0,0
748,2020-02-22,HeurekaCz,heureka,131.6,32,38,0,0,0
749,2020-02-22,RtbHouse,rtbhouse,1016.95,738,461,26117,4,4
750,2020-02-22,Silverpop,emailing,1379.31,0,1044,0,15,13
751,2020-02-22,Sklik,sklik_bra,58.5,83,97,124,5,5
752,2020-02-22,Sklik,sklik_pla,99.4,32,35,1430,0,0
753,2020-02-22,Sklik,sklik_rem,348.59999999999997,108,116,11863,1,1
754,2020-02-22,Sklik,sklik_sea,134.22,52,55,544,0,0
755,2020-02-22,ZboziCz,zbozi,538.49,70,47,2276,0,0
756,2020-02-23,AdWords,adwords_bra,106.57,194,228,369,4,4
757,2020-02-23,AdWords,adwords_pla,10953.99,2863,2881,204618,25,24
758,2020-02-23,AdWords,adwords_rem,941.36,257,290,23692,4,4
759,2020-02-23,AdWords,adwords_sea,56.96,23,33,437,0,0
760,2020-02-23,FacebookBusinessAdsManager,facebook,168.97,79,0,8231,0,0
761,2020-02-23,FirmyCz,zbozi,80.54,3,0,653,0,0
762,2020-02-23,HeurekaCz,heureka,190.29999999999998,46,65,0,1,1
763,2020-02-23,RtbHouse,rtbhouse,1048.09,1102,734,38722,5,4
764,2020-02-23,Silverpop,emailing,1379.31,0,557,0,18,18
765,2020-02-23,Sklik,sklik_bra,71.6,110,116,161,5,5
766,2020-02-23,Sklik,sklik_pla,128.5,41,45,1630,1,1
767,2020-02-23,Sklik,sklik_rem,349.3,115,124,14417,1,1
768,2020-02-23,Sklik,sklik_sea,251.16,88,88,752,0,0
769,2020-02-23,ZboziCz,zbozi,580.2,76,54,3444,0,0
770,2020-02-24,AdWords,adwords_bra,146.46,230,264,434,8,8
771,2020-02-24,AdWords,adwords_pla,10105.18,2395,2551,198439,28,28
772,2020-02-24,AdWords,adwords_rem,900.69,246,284,28224,1,1
773,2020-02-24,AdWords,adwords_sea,64.06,34,48,516,0,0
774,2020-02-24,FacebookBusinessAdsManager,facebook,137.54,161,0,6338,0,0
775,2020-02-24,FirmyCz,zbozi,80.54,4,3,652,0,0
776,2020-02-24,HeurekaCz,heureka,194.4,41,59,0,0,0
777,2020-02-24,RtbHouse,rtbhouse,2074.51,860,573,39727,4,4
778,2020-02-24,Silverpop,emailing,1379.31,0,1288,0,20,19
779,2020-02-24,Sklik,sklik_bra,54.8,80,77,115,5,5
780,2020-02-24,Sklik,sklik_pla,85.0,32,31,1905,1,1
781,2020-02-24,Sklik,sklik_rem,365.09999999999997,121,123,18629,1,1
782,2020-02-24,Sklik,sklik_sea,174.9,68,65,863,0,0
783,2020-02-24,ZboziCz,zbozi,333.87,54,36,2946,0,0
784,2020-02-25,AdWords,adwords_bra,149.2,236,259,410,6,6
785,2020-02-25,AdWords,adwords_pla,10249.27,2397,2484,204468,22,22
786,2020-02-25,AdWords,adwords_rem,805.8,248,268,24714,2,2
787,2020-02-25,AdWords,adwords_sea,66.91,34,42,544,0,0
788,2020-02-25,FacebookBusinessAdsManager,facebook,219.56,259,0,8665,0,0
789,2020-02-25,FirmyCz,zbozi,80.54,3,1,651,0,0
790,2020-02-25,HeurekaCz,heureka,203.1,52,82,0,1,1
791,2020-02-25,RtbHouse,rtbhouse,3619.62,786,564,36847,6,6
792,2020-02-25,Silverpop,emailing,1379.31,0,1244,0,15,15
793,2020-02-25,Sklik,sklik_bra,72.4,107,123,150,3,3
794,2020-02-25,Sklik,sklik_pla,84.9,27,29,2150,0,0
795,2020-02-25,Sklik,sklik_rem,405.9,126,138,19104,1,1
796,2020-02-25,Sklik,sklik_sea,173.8,74,75,714,0,0
797,2020-02-25,ZboziCz,zbozi,931.62,507,379,20256,5,3
798,2020-02-26,AdWords,adwords_bra,131.1,231,264,405,9,8
799,2020-02-26,AdWords,adwords_pla,13950.740000000002,4161,4261,257814,70,64
800,2020-02-26,AdWords,adwords_rem,810.65,267,284,27250,3,3
801,2020-02-26,AdWords,adwords_sea,61.3,27,33,530,0,0
802,2020-02-26,FacebookBusinessAdsManager,facebook,167.56,157,0,6864,0,0
803,2020-02-26,FirmyCz,zbozi,80.54,3,2,652,0,0
804,2020-02-26,HeurekaCz,heureka,108.2,33,89,0,0,0
805,2020-02-26,RtbHouse,rtbhouse,2291.83,859,597,42161,6,5
806,2020-02-26,Silverpop,emailing,1379.31,0,1185,0,21,21
807,2020-02-26,Sklik,sklik_bra,73.05,109,130,158,9,9
808,2020-02-26,Sklik,sklik_pla,115.7,40,40,5250,0,0
809,2020-02-26,Sklik,sklik_rem,404.7,134,133,21027,0,0
810,2020-02-26,Sklik,sklik_sea,201.53,83,80,920,0,0
811,2020-02-26,ZboziCz,zbozi,4649.84,3006,2123,45618,23,16
812,2020-02-27,AdWords,adwords_bra,209.16,210,233,365,17,17
813,2020-02-27,AdWords,adwords_pla,8398.04,2084,2140,179492,19,18
814,2020-02-27,AdWords,adwords_rem,893.68,292,319,27678,1,1
815,2020-02-27,AdWords,adwords_sea,60.34,30,38,455,0,0
816,2020-02-27,FacebookBusinessAdsManager,facebook,26.61,5,0,3651,0,0
817,2020-02-27,FirmyCz,zbozi,80.54,4,3,652,0,0
818,2020-02-27,HeurekaCz,heureka,118.7,36,59,0,1,1
819,2020-02-27,RtbHouse,rtbhouse,882.63,709,537,37327,3,3
820,2020-02-27,Silverpop,emailing,1379.31,0,1239,0,9,9
821,2020-02-27,Sklik,sklik_bra,54.8,87,102,154,6,6
822,2020-02-27,Sklik,sklik_pla,110.0,41,45,6072,0,0
823,2020-02-27,Sklik,sklik_rem,448.3,146,131,21416,0,0
824,2020-02-27,Sklik,sklik_sea,158.98000000000002,65,61,935,0,0
825,2020-02-27,ZboziCz,zbozi,0.0,0,14,0,0,0
826,2020-02-28,AdWords,adwords_bra,97.47,191,223,310,7,6
827,2020-02-28,AdWords,adwords_pla,7814.96,2052,2108,161628,24,24
828,2020-02-28,AdWords,adwords_rem,637.63,215,238,22558,2,2
829,2020-02-28,AdWords,adwords_sea,47.03,22,23,360,0,0
830,2020-02-28,FacebookBusinessAdsManager,facebook,25.67,3,0,3461,0,0
831,2020-02-28,FirmyCz,zbozi,80.54,3,0,651,0,0
832,2020-02-28,HeurekaCz,heureka,99.0,32,48,0,2,2
833,2020-02-28,RtbHouse,rtbhouse,1984.23,754,544,38247,9,9
834,2020-02-28,Silverpop,emailing,1379.31,0,1564,0,33,33
835,2020-02-28,Sklik,sklik_bra,54.4,94,118,132,5,5
836,2020-02-28,Sklik,sklik_pla,71.1,29,32,1936,2,2
837,2020-02-28,Sklik,sklik_rem,432.6,130,130,19045,0,0
838,2020-02-28,Sklik,sklik_sea,175.48,76,81,835,2,2
839,2020-02-28,ZboziCz,zbozi,0.0,0,5,0,0,0
840,2020-02-29,AdWords,adwords_bra,101.28,144,163,288,8,8
841,2020-02-29,AdWords,adwords_pla,6689.74,1967,1971,148190,9,9
842,2020-02-29,AdWords,adwords_rem,1016.95,286,303,33408,0,0
843,2020-02-29,AdWords,adwords_sea,74.39,27,33,393,0,0
844,2020-02-29,FacebookBusinessAdsManager,facebook,23.06,4,0,3121,0,0
845,2020-02-29,FirmyCz,zbozi,80.54,3,2,652,0,0
846,2020-02-29,HeurekaCz,heureka,165.4,41,49,0,2,2
847,2020-02-29,RtbHouse,rtbhouse,993.58,736,541,29991,5,5
848,2020-02-29,Silverpop,emailing,1379.31,0,793,0,10,10
849,2020-02-29,Sklik,sklik_bra,45.8,72,72,119,1,1
850,2020-02-29,Sklik,sklik_pla,63.0,25,28,1964,0,0
851,2020-02-29,Sklik,sklik_rem,340.3,106,116,15287,1,1
852,2020-02-29,Sklik,sklik_sea,171.64,64,69,554,2,2
853,2020-02-29,ZboziCz,zbozi,0.0,0,0,0,0,0
854,2020-03-01,AdWords,adwords_bra,95.2,160,198,304,7,7
855,2020-03-01,AdWords,adwords_pla,9315.119999999999,2465,2478,182571,37,37
856,2020-03-01,AdWords,adwords_rem,893.14,245,276,23697,1,1
857,2020-03-01,AdWords,adwords_sea,26.7,15,19,383,0,0
858,2020-03-01,FirmyCz,zbozi,80.54,3,2,651,0,0
859,2020-03-01,HeurekaCz,heureka,158.0,44,45,0,0,0
860,2020-03-01,RtbHouse,rtbhouse,1459.41,1124,778,43995,9,9
861,2020-03-01,Silverpop,emailing,1290.32,0,382,0,11,11
862,2020-03-01,Sklik,sklik_bra,68.1,103,117,139,3,3
863,2020-03-01,Sklik,sklik_pla,49.9,18,22,2173,1,1
864,2020-03-01,Sklik,sklik_rem,447.2,150,162,19830,2,2
865,2020-03-01,Sklik,sklik_sea,173.16,75,72,656,0,0
866,2020-03-01,ZboziCz,zbozi,512.43,52,38,2718,0,0
867,2020-03-02,AdWords,adwords_bra,174.3,233,259,425,3,2
868,2020-03-02,AdWords,adwords_pla,10320.69,2406,2484,201891,40,38
869,2020-03-02,AdWords,adwords_rem,896.98,212,242,25524,2,2
870,2020-03-02,AdWords,adwords_sea,47.269999999999996,24,35,458,0,0
871,2020-03-02,FirmyCz,zbozi,80.54,6,0,713,0,0
872,2020-03-02,HeurekaCz,heureka,121.6,37,54,0,2,2
873,2020-03-02,RtbHouse,rtbhouse,752.0,1042,750,46514,6,5
874,2020-03-02,Silverpop,emailing,1290.32,0,1389,0,29,27
875,2020-03-02,Sklik,sklik_bra,77.9,120,142,201,6,5
876,2020-03-02,Sklik,sklik_pla,115.1,39,37,1860,1,1
877,2020-03-02,Sklik,sklik_rem,360.1,112,116,22062,0,0
878,2020-03-02,Sklik,sklik_sea,140.49,61,69,697,1,1
879,2020-03-02,ZboziCz,zbozi,448.06,54,43,2545,2,2
880,2020-03-03,AdWords,adwords_bra,151.3,248,292,495,8,8
881,2020-03-03,AdWords,adwords_pla,12343.32,2781,2867,227324,27,27
882,2020-03-03,AdWords,adwords_rem,888.17,251,278,23493,3,3
883,2020-03-03,AdWords,adwords_sea,76.33,31,41,640,1,1
884,2020-03-03,FacebookBusinessAdsManager,facebook,102.94,178,0,3074,0,0
885,2020-03-03,FirmyCz,zbozi,80.54,7,3,714,0,0
886,2020-03-03,HeurekaCz,heureka,145.1,42,56,0,3,3
887,2020-03-03,RtbHouse,rtbhouse,2863.84,994,712,41698,8,7
888,2020-03-03,Silverpop,emailing,1290.32,0,1610,0,22,21
889,2020-03-03,Sklik,sklik_bra,55.04,101,114,132,3,3
890,2020-03-03,Sklik,sklik_pla,102.5,38,40,1858,1,1
891,2020-03-03,Sklik,sklik_rem,360.9,118,113,17633,3,3
892,2020-03-03,Sklik,sklik_sea,195.29,76,74,811,1,1
893,2020-03-03,ZboziCz,zbozi,624.1,69,51,2765,2,2
894,2020-03-04,AdWords,adwords_bra,146.94,231,278,450,10,9
895,2020-03-04,AdWords,adwords_pla,11838.72,2617,2623,209817,35,35
896,2020-03-04,AdWords,adwords_rem,882.92,188,189,15846,1,1
897,2020-03-04,AdWords,adwords_sea,53.21,22,29,442,0,0
898,2020-03-04,FacebookBusinessAdsManager,facebook,150.02,250,0,5698,0,0
899,2020-03-04,FirmyCz,zbozi,80.54,6,3,714,0,0
900,2020-03-04,HeurekaCz,heureka,112.8,35,48,0,3,3
901,2020-03-04,RtbHouse,rtbhouse,896.51,880,643,39661,5,5
902,2020-03-04,Silverpop,emailing,1290.32,0,1316,0,28,27
903,2020-03-04,Sklik,sklik_bra,70.97,96,104,134,3,3
904,2020-03-04,Sklik,sklik_pla,171.1,51,43,1643,1,1
905,2020-03-04,Sklik,sklik_rem,386.8,127,129,16335,4,4
906,2020-03-04,Sklik,sklik_sea,142.39,58,58,719,0,0
907,2020-03-04,ZboziCz,zbozi,696.57,68,51,2406,0,0
908,2020-03-05,AdWords,adwords_bra,193.18,212,269,393,7,7
909,2020-03-05,AdWords,adwords_pla,9002.43,2124,2240,191322,25,25
910,2020-03-05,AdWords,adwords_rem,829.97,234,246,25127,1,1
911,2020-03-05,AdWords,adwords_sea,69.72,29,35,466,0,0
912,2020-03-05,FacebookBusinessAdsManager,facebook,191.01,285,0,6977,0,0
913,2020-03-05,FirmyCz,zbozi,80.54,7,2,714,0,0
914,2020-03-05,HeurekaCz,heureka,139.8,43,43,0,3,3
915,2020-03-05,RtbHouse,rtbhouse,757.17,789,574,35405,2,2
916,2020-03-05,Silverpop,emailing,1290.32,0,1098,0,15,14
917,2020-03-05,Sklik,sklik_bra,59.7,106,130,161,8,7
918,2020-03-05,Sklik,sklik_pla,94.7,36,36,1909,0,0
919,2020-03-05,Sklik,sklik_rem,429.5,132,118,15532,1,1
920,2020-03-05,Sklik,sklik_sea,149.75,62,63,870,2,2
921,2020-03-05,ZboziCz,zbozi,655.19,63,48,2561,1,1
922,2020-03-06,AdWords,adwords_bra,156.89,210,243,373,10,8
923,2020-03-06,AdWords,adwords_pla,8222.460000000001,2068,2171,157744,33,33
924,2020-03-06,AdWords,adwords_rem,853.07,222,231,18831,0,0
925,2020-03-06,AdWords,adwords_sea,53.910000000000004,17,28,449,1,1
926,2020-03-06,FacebookBusinessAdsManager,facebook,277.46,354,0,7697,0,0
927,2020-03-06,FirmyCz,zbozi,80.54,6,3,713,0,0
928,2020-03-06,HeurekaCz,heureka,92.3,28,34,0,3,3
929,2020-03-06,RtbHouse,rtbhouse,705.46,779,551,36464,5,4
930,2020-03-06,Silverpop,emailing,1290.32,0,1320,0,16,15
931,2020-03-06,Sklik,sklik_bra,68.2,107,120,185,4,4
932,2020-03-06,Sklik,sklik_pla,83.6,31,33,1557,1,1
933,2020-03-06,Sklik,sklik_rem,339.1,110,110,16190,0,0
934,2020-03-06,Sklik,sklik_sea,145.66,61,59,686,0,0
935,2020-03-06,ZboziCz,zbozi,455.85,53,42,2429,0,0
936,2020-03-07,AdWords,adwords_bra,78.02,147,181,311,11,11
937,2020-03-07,AdWords,adwords_pla,6449.96,1853,1922,138562,19,18
938,2020-03-07,AdWords,adwords_rem,871.32,232,256,22172,0,0
939,2020-03-07,AdWords,adwords_sea,43.36,21,31,381,0,0
940,2020-03-07,FacebookBusinessAdsManager,facebook,71.66,38,0,1575,0,0
941,2020-03-07,FirmyCz,zbozi,80.54,6,1,714,0,0
942,2020-03-07,HeurekaCz,heureka,130.8,42,63,0,1,1
943,2020-03-07,RtbHouse,rtbhouse,1579.58,691,480,29936,3,2
944,2020-03-07,Silverpop,emailing,1290.32,0,824,0,21,21
945,2020-03-07,Sklik,sklik_bra,43.1,71,76,135,3,3
946,2020-03-07,Sklik,sklik_pla,72.7,24,20,1309,0,0
947,2020-03-07,Sklik,sklik_rem,376.7,113,110,12457,1,1
948,2020-03-07,Sklik,sklik_sea,172.99,71,74,675,0,0
949,2020-03-07,ZboziCz,zbozi,368.72,56,46,2545,1,1
950,2020-03-08,AdWords,adwords_bra,107.65,150,183,292,12,12
951,2020-03-08,AdWords,adwords_pla,9344.609999999999,2393,2517,179378,33,32
952,2020-03-08,AdWords,adwords_rem,884.01,196,202,18729,4,3
953,2020-03-08,AdWords,adwords_sea,41.78,20,26,397,1,1
954,2020-03-08,FacebookBusinessAdsManager,facebook,256.9,275,0,5521,0,0
955,2020-03-08,FirmyCz,zbozi,80.54,7,2,714,0,0
956,2020-03-08,HeurekaCz,heureka,120.2,37,62,0,1,1
957,2020-03-08,RtbHouse,rtbhouse,1554.17,876,644,34825,10,10
958,2020-03-08,Silverpop,emailing,1290.32,0,430,0,21,20
959,2020-03-08,Sklik,sklik_bra,64.0,95,110,126,5,4
960,2020-03-08,Sklik,sklik_pla,84.8,28,32,1441,1,1
961,2020-03-08,Sklik,sklik_rem,0.0,0,154,0,2,2
962,2020-03-08,Sklik,sklik_sea,162.83,75,74,761,0,0
963,2020-03-08,ZboziCz,zbozi,528.02,85,63,2968,0,0
964,2020-03-09,AdWords,adwords_bra,199.1,209,244,393,9,9
965,2020-03-09,AdWords,adwords_pla,11965.23,2611,2692,225697,27,27
966,2020-03-09,AdWords,adwords_rem,883.6,203,218,25894,0,0
967,2020-03-09,AdWords,adwords_sea,53.29,23,34,576,0,0
968,2020-03-09,Bing,bing,0.0,0,1,0,0,0
969,2020-03-09,FacebookBusinessAdsManager,facebook,16.42,4,0,3048,0,0
970,2020-03-09,FirmyCz,zbozi,80.54,3,5,804,0,0
971,2020-03-09,HeurekaCz,heureka,159.3,43,65,0,1,1
972,2020-03-09,RtbHouse,rtbhouse,1059.8,833,627,46770,3,3
973,2020-03-09,Silverpop,emailing,1290.32,0,1417,0,17,17
974,2020-03-09,Sklik,sklik_bra,57.4,91,109,151,2,2
975,2020-03-09,Sklik,sklik_pla,64.5,27,30,1943,1,1
976,2020-03-09,Sklik,sklik_rem,402.5,121,107,16256,1,1
977,2020-03-09,Sklik,sklik_sea,120.9,59,58,806,0,0
978,2020-03-09,ZboziCz,zbozi,549.66,85,65,2837,1,1
979,2020-03-10,AdWords,adwords_bra,122.73,191,218,341,7,7
980,2020-03-10,AdWords,adwords_pla,8189.66,1681,1763,157020,28,27
981,2020-03-10,AdWords,adwords_rem,892.01,142,159,17451,1,1
982,2020-03-10,AdWords,adwords_sea,54.24,21,22,534,0,0
983,2020-03-10,FacebookBusinessAdsManager,facebook,29.7,7,0,5220,0,0
984,2020-03-10,FirmyCz,zbozi,80.54,3,3,804,0,0
985,2020-03-10,HeurekaCz,heureka,122.3,32,40,0,0,0
986,2020-03-10,RtbHouse,rtbhouse,1775.61,954,667,50138,5,5
987,2020-03-10,Silverpop,emailing,1290.32,0,1724,0,28,28
988,2020-03-10,Sklik,sklik_bra,64.3,112,123,150,4,4
989,2020-03-10,Sklik,sklik_pla,116.3,38,41,1414,2,2
990,2020-03-10,Sklik,sklik_rem,357.4,114,124,18117,0,0
991,2020-03-10,Sklik,sklik_sea,132.84,49,49,658,1,1
992,2020-03-10,ZboziCz,zbozi,378.06,50,44,2554,1,1
993,2020-03-11,AdWords,adwords_bra,128.73,225,255,414,6,5
994,2020-03-11,AdWords,adwords_pla,8250.8,1536,1701,138512,18,18
995,2020-03-11,AdWords,adwords_rem,768.95,197,226,24071,0,0
996,2020-03-11,AdWords,adwords_sea,67.37,34,35,575,0,0
997,2020-03-11,FacebookBusinessAdsManager,facebook,31.96,14,0,5186,0,0
998,2020-03-11,FirmyCz,zbozi,80.54,3,2,804,0,0
999,2020-03-11,HeurekaCz,heureka,112.6,35,56,0,1,1
1000,2020-03-11,RtbHouse,rtbhouse,2450.12,837,648,47138,4,4
1001,2020-03-11,Silverpop,emailing,1290.32,0,2693,0,18,18
1002,2020-03-11,Sklik,sklik_bra,60.8,101,119,147,9,9
1003,2020-03-11,Sklik,sklik_pla,94.6,40,42,1669,0,0
1004,2020-03-11,Sklik,sklik_rem,371.7,121,124,18597,2,2
1005,2020-03-11,Sklik,sklik_sea,156.85999999999999,67,66,837,0,0
1006,2020-03-11,ZboziCz,zbozi,775.11,72,51,2556,2,2
1007,2020-03-12,AdWords,adwords_bra,168.97,189,221,322,9,8
1008,2020-03-12,AdWords,adwords_pla,8334.529999999999,1829,1906,152166,31,31
1009,2020-03-12,AdWords,adwords_rem,739.34,165,191,21564,0,0
1010,2020-03-12,AdWords,adwords_sea,38.739999999999995,16,21,367,0,0
1011,2020-03-12,FacebookBusinessAdsManager,facebook,32.36,12,0,5473,0,0
1012,2020-03-12,FirmyCz,zbozi,80.54,4,0,804,0,0
1013,2020-03-12,HeurekaCz,heureka,89.3,26,45,0,0,0
1014,2020-03-12,RtbHouse,rtbhouse,6112.95,1068,736,58330,11,10
1015,2020-03-12,Silverpop,emailing,1290.32,0,1747,0,25,25
1016,2020-03-12,Sklik,notset,0.0,0,1,0,0,0
1017,2020-03-12,Sklik,sklik_bra,48.3,78,87,117,3,3
1018,2020-03-12,Sklik,sklik_pla,69.0,30,32,1672,0,0
1019,2020-03-12,Sklik,sklik_rem,375.5,129,137,21130,1,1
1020,2020-03-12,Sklik,sklik_sea,146.04,49,49,716,0,0
1021,2020-03-12,ZboziCz,zbozi,373.94,46,48,2046,3,3
1022,2020-03-13,AdWords,adwords_bra,161.65,153,180,291,5,5
1023,2020-03-13,AdWords,adwords_pla,3933.26,1230,1341,105265,20,20
1024,2020-03-13,AdWords,adwords_rem,643.64,149,173,18667,0,0
1025,2020-03-13,AdWords,adwords_sea,38.769999999999996,18,21,431,0,0
1026,2020-03-13,FacebookBusinessAdsManager,facebook,31.65,9,0,5587,0,0
1027,2020-03-13,FirmyCz,zbozi,80.54,3,8,804,0,0
1028,2020-03-13,HeurekaCz,heureka,0.0,0,23,0,4,4
1029,2020-03-13,RtbHouse,rtbhouse,1798.76,929,664,48960,4,4
1030,2020-03-13,Silverpop,emailing,1290.32,0,1892,0,30,29
1031,2020-03-13,Sklik,sklik_bra,48.3,75,83,113,5,5
1032,2020-03-13,Sklik,sklik_pla,77.9,27,29,1594,0,0
1033,2020-03-13,Sklik,sklik_rem,399.59999999999997,126,115,20349,1,1
1034,2020-03-13,Sklik,sklik_sea,106.41,41,40,694,0,0
1035,2020-03-13,ZboziCz,zbozi,432.02,56,54,2190,2,2
1036,2020-03-14,AdWords,adwords_bra,41.3,104,133,189,2,2
1037,2020-03-14,AdWords,adwords_pla,5836.26,1600,1596,112020,28,26
1038,2020-03-14,AdWords,adwords_rem,394.06,103,109,15702,0,0
1039,2020-03-14,AdWords,adwords_sea,52.74,16,27,263,1,1
1040,2020-03-14,FacebookBusinessAdsManager,facebook,31.22,6,0,5665,0,0
1041,2020-03-14,FirmyCz,zbozi,80.54,3,0,804,0,0
1042,2020-03-14,HeurekaCz,heureka,0.0,0,9,0,0,0
1043,2020-03-14,RtbHouse,rtbhouse,507.71,920,644,42043,3,2
1044,2020-03-14,Silverpop,emailing,1290.32,0,966,0,16,16
1045,2020-03-14,Sklik,sklik_bra,44.8,67,72,104,1,1
1046,2020-03-14,Sklik,sklik_pla,87.5,26,24,2081,0,0
1047,2020-03-14,Sklik,sklik_rem,331.0,115,113,17545,0,0
1048,2020-03-14,Sklik,sklik_sea,105.58,54,50,554,0,0
1049,2020-03-14,ZboziCz,zbozi,397.27,47,50,1921,1,1
1050,2020-03-15,AdWords,adwords_bra,92.52,169,184,274,8,7
1051,2020-03-15,AdWords,adwords_pla,9770.59,2158,2162,154083,35,32
1052,2020-03-15,AdWords,adwords_rem,763.42,216,224,23298,1,1
1053,2020-03-15,AdWords,adwords_sea,13.57,8,14,325,0,0
1054,2020-03-15,Adform,adform_prospecting,0.0,0,1,0,0,0
1055,2020-03-15,FacebookBusinessAdsManager,facebook,26.69,2,0,5343,0,0
1056,2020-03-15,FirmyCz,zbozi,80.54,3,0,804,0,0
1057,2020-03-15,HeurekaCz,heureka,0.0,0,12,0,1,1
1058,2020-03-15,RtbHouse,rtbhouse,1730.34,1051,759,48765,5,4
1059,2020-03-15,Silverpop,emailing,1290.32,0,522,0,19,18
1060,2020-03-15,Sklik,sklik_bra,53.5,82,92,105,2,2
1061,2020-03-15,Sklik,sklik_pla,158.6,39,39,2199,2,2
1062,2020-03-15,Sklik,sklik_rem,497.59999999999997,174,151,19833,1,1
1063,2020-03-15,Sklik,sklik_sea,164.1,59,60,551,0,0
1064,2020-03-15,ZboziCz,zbozi,373.86,58,55,2546,0,0
1065,2020-03-16,AdWords,adwords_bra,137.22,196,226,335,5,5
1066,2020-03-16,AdWords,adwords_pla,11956.21,2077,2198,192741,48,48
1067,2020-03-16,AdWords,adwords_rem,1023.83,226,241,32700,0,0
1068,2020-03-16,AdWords,adwords_sea,43.199999999999996,19,27,315,0,0
1069,2020-03-16,FirmyCz,zbozi,80.54,8,0,1114,0,0
1070,2020-03-16,HeurekaCz,heureka,73.4,19,23,0,0,0
1071,2020-03-16,RtbHouse,rtbhouse,204.65,635,479,35215,2,2
1072,2020-03-16,Silverpop,emailing,1290.32,0,1232,0,18,18
1073,2020-03-16,Sklik,sklik_bra,54.8,92,99,131,3,3
1074,2020-03-16,Sklik,sklik_pla,151.1,42,42,3042,0,0
1075,2020-03-16,Sklik,sklik_rem,478.87,159,154,22427,1,1
1076,2020-03-16,Sklik,sklik_sea,107.29999999999998,42,42,590,0,0
1077,2020-03-16,ZboziCz,zbozi,346.07,44,47,2000,2,2
1078,2020-03-17,AdWords,adwords_bra,172.15,208,225,341,11,10
1079,2020-03-17,AdWords,adwords_pla,9684.85,1871,1917,166420,32,30
1080,2020-03-17,AdWords,adwords_rem,1121.63,249,250,31299,2,2
1081,2020-03-17,AdWords,adwords_sea,32.22,18,21,297,0,0
1082,2020-03-17,FacebookBusinessAdsManager,facebook,249.65,380,0,7857,0,0
1083,2020-03-17,FirmyCz,zbozi,80.54,7,1,891,0,0
1084,2020-03-17,HeurekaCz,heureka,75.0,25,39,0,2,2
1085,2020-03-17,RtbHouse,rtbhouse,380.38,540,364,26805,4,4
1086,2020-03-17,Silverpop,emailing,1290.32,0,1764,0,28,27
1087,2020-03-17,Sklik,sklik_bra,43.7,73,85,120,7,7
1088,2020-03-17,Sklik,sklik_pla,92.5,24,26,3065,1,1
1089,2020-03-17,Sklik,sklik_rem,472.45,158,160,22202,0,0
1090,2020-03-17,Sklik,sklik_sea,97.4,39,41,605,1,1
1091,2020-03-17,ZboziCz,zbozi,305.26,52,38,2139,2,2
1092,2020-03-18,AdWords,adwords_bra,59.9,133,164,240,5,4
1093,2020-03-18,AdWords,adwords_pla,8935.19,1751,1757,162401,40,39
1094,2020-03-18,AdWords,adwords_rem,1006.3,185,190,25109,2,2
1095,2020-03-18,AdWords,adwords_sea,25.06,11,19,243,0,0
1096,2020-03-18,FacebookBusinessAdsManager,facebook,247.32,285,0,7502,0,0
1097,2020-03-18,FirmyCz,zbozi,0.0,8,1,893,0,0
1098,2020-03-18,HeurekaCz,heureka,122.0,28,32,0,1,1
1099,2020-03-18,RtbHouse,rtbhouse,920.75,549,403,27032,4,4
1100,2020-03-18,Silverpop,emailing,1290.32,0,1428,0,28,27
1101,2020-03-18,Sklik,sklik_bra,48.3,74,87,128,2,2
1102,2020-03-18,Sklik,sklik_pla,91.9,24,28,2839,1,1
1103,2020-03-18,Sklik,sklik_rem,352.0,126,141,20066,1,1
1104,2020-03-18,Sklik,sklik_sea,99.54,39,47,498,0,0
1105,2020-03-18,ZboziCz,zbozi,373.1,50,47,2011,3,3
1106,2020-03-19,AdWords,adwords_bra,119.28,151,186,278,9,9
1107,2020-03-19,AdWords,adwords_pla,6659.15,1513,1590,141319,41,41
1108,2020-03-19,AdWords,adwords_rem,687.7,162,170,23027,0,0
1109,2020-03-19,AdWords,adwords_sea,38.980000000000004,13,23,270,0,0
1110,2020-03-19,FacebookBusinessAdsManager,facebook,411.22,394,0,10385,0,0
1111,2020-03-19,FirmyCz,zbozi,80.54,5,3,668,0,0
1112,2020-03-19,HeurekaCz,heureka,73.0,21,34,0,2,2
1113,2020-03-19,RtbHouse,rtbhouse,398.31,550,403,26696,1,1
1114,2020-03-19,Silverpop,emailing,1290.32,0,1206,0,19,18
1115,2020-03-19,Sklik,notset,0.0,0,1,0,0,0
1116,2020-03-19,Sklik,sklik_bra,53.4,87,99,120,3,3
1117,2020-03-19,Sklik,sklik_pla,173.5,44,44,3130,1,1
1118,2020-03-19,Sklik,sklik_rem,292.08,94,131,14547,1,1
1119,2020-03-19,Sklik,sklik_sea,103.24,40,41,640,0,0
1120,2020-03-19,ZboziCz,zbozi,337.65,31,32,1929,1,1
1121,2020-03-20,AdWords,adwords_bra,114.5,162,184,260,5,5
1122,2020-03-20,AdWords,adwords_pla,7422.69,1595,1676,140290,39,37
1123,2020-03-20,AdWords,adwords_rem,813.29,161,168,20297,2,2
1124,2020-03-20,AdWords,adwords_sea,24.240000000000002,12,12,281,0,0
1125,2020-03-20,FacebookBusinessAdsManager,facebook,52.87,57,0,1662,0,0
1126,2020-03-20,FirmyCz,zbozi,80.54,1,3,705,0,0
1127,2020-03-20,HeurekaCz,heureka,79.4,21,28,0,1,1
1128,2020-03-20,RtbHouse,rtbhouse,1702.19,483,348,23842,6,6
1129,2020-03-20,Silverpop,emailing,1290.32,0,1491,0,29,28
1130,2020-03-20,Sklik,sklik_bra,44.3,53,58,91,2,2
1131,2020-03-20,Sklik,sklik_pla,174.8,46,47,2974,0,0
1132,2020-03-20,Sklik,sklik_rem,330.3,111,138,16006,0,0
1133,2020-03-20,Sklik,sklik_sea,81.52,33,33,441,0,0
1134,2020-03-20,ZboziCz,zbozi,284.37,43,40,1915,1,1
1135,2020-03-21,AdWords,adwords_bra,97.79,165,207,314,2,2
1136,2020-03-21,AdWords,adwords_pla,10491.789999999999,2359,2377,173357,36,34
1137,2020-03-21,AdWords,adwords_rem,923.33,200,212,22652,0,0
1138,2020-03-21,AdWords,adwords_sea,50.07,25,36,342,0,0
1139,2020-03-21,FirmyCz,zbozi,80.54,1,3,629,0,0
1140,2020-03-21,HeurekaCz,heureka,100.3,30,35,0,3,3
1141,2020-03-21,RtbHouse,rtbhouse,5993.11,828,561,26555,6,5
1142,2020-03-21,Silverpop,emailing,1290.32,0,1271,0,16,15
1143,2020-03-21,Sklik,notset,0.0,0,1,0,0,0
1144,2020-03-21,Sklik,sklik_bra,64.6,96,99,158,6,5
1145,2020-03-21,Sklik,sklik_pla,208.1,53,52,3269,2,2
1146,2020-03-21,Sklik,sklik_rem,363.87,126,175,15132,3,3
1147,2020-03-21,Sklik,sklik_sea,134.28,57,54,584,1,1
1148,2020-03-21,ZboziCz,zbozi,587.68,68,69,2952,1,1
1149,2020-03-22,AdWords,adwords_bra,90.26,202,232,330,12,11
1150,2020-03-22,AdWords,adwords_pla,14099.85,3071,3142,230281,45,43
1151,2020-03-22,AdWords,adwords_rem,882.36,229,249,28448,0,0
1152,2020-03-22,AdWords,adwords_sea,30.41,20,31,418,1,1
1153,2020-03-22,FirmyCz,zbozi,80.54,5,2,771,0,0
1154,2020-03-22,HeurekaCz,heureka,154.7,40,61,0,2,2
1155,2020-03-22,RtbHouse,rtbhouse,2395.91,696,525,28924,2,2
1156,2020-03-22,Silverpop,emailing,1290.32,0,564,0,23,23
1157,2020-03-22,Sklik,sklik_bra,58.5,93,109,158,2,2
1158,2020-03-22,Sklik,sklik_pla,227.5,62,62,3617,1,1
1159,2020-03-22,Sklik,sklik_rem,415.4,148,204,15435,0,0
1160,2020-03-22,Sklik,sklik_sea,206.17999999999998,89,87,722,0,0
1161,2020-03-22,ZboziCz,zbozi,455.36,75,58,3371,1,1
1162,2020-03-23,AdWords,adwords_bra,163.27,204,232,400,0,0
1163,2020-03-23,AdWords,adwords_pla,10642.37,2244,2312,196012,0,0
1164,2020-03-23,AdWords,adwords_rem,244.33,74,97,8998,0,0
1165,2020-03-23,AdWords,adwords_sea,20.580000000000002,12,25,353,0,0
1166,2020-03-23,FacebookBusinessAdsManager,facebook,282.84,337,0,18787,0,0
1167,2020-03-23,FirmyCz,zbozi,80.54,4,3,982,0,0
1168,2020-03-23,HeurekaCz,heureka,109.6,29,58,0,0,0
1169,2020-03-23,RtbHouse,rtbhouse,1709.93,500,371,21819,0,0
1170,2020-03-23,Silverpop,emailing,0.0,0,1796,0,0,0
1171,2020-03-23,Sklik,sklik_bra,81.9,117,128,161,0,0
1172,2020-03-23,Sklik,sklik_pla,217.1,60,63,3379,0,0
1173,2020-03-23,Sklik,sklik_rem,353.58,116,160,24726,0,0
1174,2020-03-23,Sklik,sklik_sea,130.3,52,51,797,0,0
1175,2020-03-23,ZboziCz,zbozi,681.48,68,68,2838,0,0
1176,2020-03-24,AdWords,adwords_bra,212.06,215,238,407,0,0
1177,2020-03-24,AdWords,adwords_pla,12876.789999999999,2587,2652,230425,0,0
1178,2020-03-24,AdWords,adwords_rem,0.0,56,61,5292,0,0
1179,2020-03-24,AdWords,adwords_sea,35.69,13,13,382,0,0
1180,2020-03-24,FacebookBusinessAdsManager,facebook,197.98,222,0,18561,0,0
1181,2020-03-24,FirmyCz,zbozi,80.54,0,2,905,0,0
1182,2020-03-24,HeurekaCz,heureka,121.8,35,58,0,0,0
1183,2020-03-24,RtbHouse,rtbhouse,0.0,453,339,21972,0,0
1184,2020-03-24,Silverpop,emailing,0.0,0,1655,0,0,0
1185,2020-03-24,Sklik,sklik_bra,49.71,81,105,118,0,0
1186,2020-03-24,Sklik,sklik_pla,172.0,43,42,3152,0,0
1187,2020-03-24,Sklik,sklik_rem,321.4,115,171,16247,0,0
1188,2020-03-24,Sklik,sklik_sea,136.44,56,55,685,0,0
1189,2020-03-24,ZboziCz,zbozi,413.97,62,60,2842,0,0
1190,2020-03-25,AdWords,adwords_bra,216.18,228,253,401,0,0
1191,2020-03-25,AdWords,adwords_pla,10928.52,2294,2358,205816,0,0
1192,2020-03-25,AdWords,adwords_rem,700.0,51,65,4997,0,0
1193,2020-03-25,AdWords,adwords_sea,43.66,19,22,397,0,0
1194,2020-03-25,Bing,bing,0.0,0,1,0,0,0
1195,2020-03-25,FacebookBusinessAdsManager,facebook,158.11,169,0,14474,0,0
1196,2020-03-25,FirmyCz,zbozi,80.54,14,3,935,0,0
1197,2020-03-25,HeurekaCz,heureka,140.0,39,51,0,0,0
1198,2020-03-25,RtbHouse,rtbhouse,0.0,459,340,21617,0,0
1199,2020-03-25,Silverpop,emailing,0.0,0,1560,0,0,0
1200,2020-03-25,Sklik,sklik_bra,62.3,90,96,158,0,0
1201,2020-03-25,Sklik,sklik_pla,161.5,46,50,3007,0,0
1202,2020-03-25,Sklik,sklik_rem,0.0,0,144,0,0,0
1203,2020-03-25,Sklik,sklik_sea,148.98,59,64,804,0,0
1204,2020-03-25,ZboziCz,zbozi,707.96,72,70,2985,0,0
